0,-2.9766585702094477,-10.447177497987722,-5.814727657072866,4
1,-4.5176669956993285,-11.729864044674692,-3.575587204260978,4
2,-2.172386014239086,-9.98282017791093,-6.797158966601655,4
3,7.710579546198966,0.38604747391743477,10.373568213837501,2
4,-1.9527532574634727,-8.021851050432755,-5.918553488144165,4
5,8.213914038395952,-2.393137169195284,9.257326411772743,2
6,12.837499536932114,-0.028160465280173907,8.998295913072763,2
7,-6.656262838559395,2.2242683670593624,-7.110201299553079,1
8,1.0939223947546939,-7.159443432918286,-4.329956076411785,3
9,7.109667795627466,0.9990767367071225,9.824580080705976,2
10,10.190448077697122,-1.413607723022407,6.070100687177372,2
11,3.479216978758692,-7.8346159375506055,-6.008869182215616,3
12,7.927842313619422,1.001685279104715,0.4358836064581033,0
13,8.682423648202375,3.150720088114755,-0.8161405782181701,0
14,-6.430535405345868,-9.91637767114678,-5.58090618628846,4
15,-2.273408070518407,-11.078398816818332,-5.034679511044628,4
16,2.1396865178836566,-9.220821350116019,-4.871236543300486,3
17,-5.79541989184277,3.794171349684734,-10.721646949918144,1
18,-2.116034066428639,-9.243167233979094,-5.509790549726512,4
19,1.3993376765616494,-7.854230481978234,-5.604796338492665,3
20,-6.013652534436247,4.246503816104354,-9.755832378844651,1
21,-4.571624617833599,-7.941939463563211,-6.342934733825189,4
22,-5.379704283563452,5.588625249034592,-9.413727760874657,1
23,3.69093651820406,-7.59085955082659,-4.146841618085178,3
24,2.5434018847527424,-8.483673732936245,-6.010117434598218,3
25,-5.394920086507721,-8.85504169309581,-5.322245435624,4
26,-4.780656463910869,3.980480541105136,-10.473783245979277,1
27,9.34206926258572,0.8481957708458396,8.163762354586936,2
28,1.0100715859674634,-6.669464615281763,-7.058440805448976,3
29,2.616275545122925,-8.621452872249744,-5.61182346406705,3
30,8.296244079484689,-2.8248966497140873,8.366097976809543,2
31,8.157101325708371,2.6237379444156668,9.009324540730582,2
32,7.208525809342875,0.4731028294398285,-0.65717640133423,0
33,7.422822912084728,2.7122775701179274,-2.128397714904102,0
34,0.06745342051105307,-8.257205501762956,-8.212865486290115,3
35,-8.136533120718788,6.749523668655944,-2.7240957261023,1
36,-4.377761642081875,2.180507975629247,-9.556600780651728,1
37,12.183056964531687,-1.0776063951459214,8.527533444663849,2
38,-6.428829230032393,-8.865918928838212,-6.710986506374283,4
39,-5.977848819105121,3.456370010530499,-9.011392875856277,1
40,-5.341898107188404,5.059659785896009,-8.461544009139795,1
41,-5.369448280450214,2.960080686429254,-8.349760108647446,1
42,-4.645135382279758,-7.6579080120393,-4.467094700516321,4
43,7.377523112339785,0.41868060782752226,6.288400170662267,2
44,-3.0451333248742,-8.513263939508828,-6.74010793569269,4
45,-3.3759811044517085,2.1703499586520216,-11.106138398826605,1
46,4.795126636973818,-8.421465936443234,-4.528742565740728,3
47,7.350114175131277,3.5852375359115145,-0.684771384480465,0
48,-5.627617532380037,2.3066518268438982,-8.07013187107711,1
49,8.46411700488545,2.8099104807408177,-0.9915009870930644,0
50,-2.5100455927159144,-10.323062410057048,-4.330895900369116,4
51,1.6678541908821156,-9.614101965979991,-5.741709056029689,3
52,-2.2717600623634278,-9.310025937491552,-4.6526558339029345,4
53,8.417642024160001,1.6145146265279702,-3.74126015264315,0
54,7.163977934874332,3.916782916157935,-3.2094027910169105,0
55,-5.386814863347598,3.0321702819292558,-9.990459990403995,1
56,3.791030405564628,-5.5385996715798855,-6.695941222589477,3
57,11.401186613944308,-0.3178762846693181,11.702879887894717,2
58,-3.963845254538798,-8.780973804839784,-6.487885927499048,4
59,7.283710522960135,1.5422962097774566,9.650454503544577,2
60,-2.0413874479831184,-7.819527299632971,-3.7034911231681202,4
61,4.1291353938588164,-7.1941944796872725,-4.323680158570679,3
62,8.187064499851024,-0.3543278082384604,7.7416439394076075,2
63,3.255672910846822,-6.607555994621429,-5.850065723412594,3
64,-3.330059665581449,-6.720617197796155,-6.4868341287985185,4
65,8.809278928455967,-0.06599305344779371,7.189969869372729,2
66,-5.102381213016619,2.9826474031599766,-6.584253337559145,1
67,-5.383026644084779,3.000705531938752,-8.254116165069359,1
68,3.37898137085437,-9.541162255013756,-4.489705074641204,3
69,9.395320233517312,0.16279063704036023,-2.875229259180721,0
70,-5.741890310664911,3.647866180229993,-10.687370677791513,1
71,3.540163269271014,-11.150825363054206,-5.804051662851071,3
72,3.4195130463741368,-7.919362071774882,-5.0783505386067525,3
73,-2.9355387298659057,-9.64661917782451,-5.593144612519229,4
74,-5.970731887950121,5.3955596176419975,-7.024925016582453,1
75,8.983602705299749,-1.1540959850753485,7.464946642048084,2
76,-1.9795271639649357,-7.959779371160256,-3.99684015870358,4
77,1.1256645917026447,-9.763510926465932,-7.471597254887822,3
78,8.379469146745599,-0.21257044819665172,-2.681234037512298,0
79,6.93730840450945,2.6983132213366794,-0.7688927482838196,0
80,0.7012751080728576,-9.635919991051278,-5.906745333285973,3
81,-4.8576727769858845,-9.14384452145018,-4.106607870434617,4
82,8.33685891119654,3.0840283943104243,-0.5595629108210867,0
83,8.583904305493517,2.8534571787257255,6.989794588869847,2
84,3.056832648425826,-8.13818786354576,-8.049629037910567,3
85,8.82000433715089,-1.083388402192499,10.389709148537879,2
86,-3.5159663425562746,-10.608083475437374,-8.444419946389779,4
87,-2.883508221785629,2.137081554778022,-10.161835635710842,1
88,-5.011005183998299,-6.5574043439783525,-3.69641346892518,4
89,10.795765965074313,-2.413376632255405,8.049127142244537,2
90,7.9905557259332305,1.3796635407535258,-3.6634618902355705,0
91,2.482856629407679,-7.912504418116539,-6.486152484353456,3
92,-3.411915252118697,-10.534645927900268,-3.955393179622492,4
93,-2.944995612302381,-10.584231543464368,-2.660132881899568,4
94,1.1149757075925888,-8.920367576948538,-6.27021548337167,3
95,2.9114806328157776,-8.571386680693397,-3.8107621385149835,3
96,-2.0043584706127975,-6.357107170704571,-4.217565741267372,4
97,-5.322492383393596,-8.737372405904395,-5.124883176108678,4
98,4.334277219241027,3.3519732124383763,0.5643832490431291,0
99,9.545025170634668,0.21666737825780835,9.749757899558901,2
100,9.883192137774806,-4.704269278645843,7.528395301105288,2
101,-6.792509882467647,5.750968812369138,-7.64272542757846,1
102,-4.721072210859005,-9.860359774797274,-2.1338969890554353,4
103,-3.891533783895812,3.2359450715227904,-7.913711253611211,1
104,4.085442048604147,-7.137034497472301,-5.1972624700975025,3
105,-5.536782725837483,-5.720610831342498,-6.398215705691436,4
106,8.193174236403843,-2.732636919240975,9.183556748377233,2
107,6.204739202617867,2.461949055614127,0.0546050342621196,0
108,1.6016404437570486,-7.911871292449021,-4.918051109576875,3
109,4.386797348572793,-6.91214650345494,-5.541461504375456,3
110,-0.7590708843038589,-9.619565605636035,-4.672382028728141,4
111,8.784771612151832,0.2208518379614035,6.356747479103925,2
112,-0.08395258883284074,-7.480138016441671,-5.456877139997717,3
113,3.6217670763777496,0.9183613386253562,-0.8005933786132471,0
114,-3.8704182560260536,5.250404426362234,-9.17346367977914,1
115,4.911789288014144,0.6722068436489339,11.081193813306172,2
116,2.5127814071463948,-7.30710404881258,-6.916899207947758,3
117,-7.141134131151768,2.4114846273119586,-10.130054184674355,1
118,3.0155885218439806,-8.89225131663611,-3.345744546153642,3
119,3.666249821850432,-9.010091918418082,-5.0596413581331765,3
120,-3.8842579511550985,-6.708243151616115,-6.443599140282068,4
121,10.388529591731821,1.8707780172442043,5.94000009927913,2
122,2.799428111940168,-10.337744717189665,-2.9888246946068295,3
123,-6.041777473976756,-7.9783254305832525,-4.405061056070294,4
124,-7.627144916930531,5.473313129003479,-7.52379796772898,1
125,-7.604836255456465,5.953910307825723,-7.533234241149809,1
126,-7.944153053059621,3.9642203714733246,-9.177777081882336,1
127,9.869075813276607,-0.4810472467337963,-3.273592392567388,0
128,9.764541786337542,4.752979618915098,-5.303261282014397,0
129,-4.225612511277033,-12.743897336228146,-3.5839985440552815,4
130,4.434842330698132,-6.273209978658455,-6.254139402948657,3
131,-6.452888003377179,3.861153804209329,-9.245551980222677,1
132,7.749096041651958,4.928590660137979,-3.677984754776133,0
133,-4.949682363699392,5.456468284922899,-6.352167693005579,1
134,8.656383248732036,-0.18276583802575186,8.374454189365933,2
135,-4.9947331461949425,-5.377206502232084,-5.636576504348565,4
136,2.4982391444828194,-10.891971679978202,-5.896026908338778,3
137,-2.7170251568503154,-7.679950444173006,-4.246374121105734,4
138,6.326288775708217,-12.525201462463514,-4.872449398670517,3
139,12.058615749350565,-0.27205131374894165,6.574354442004397,2
140,9.748792317939726,3.800586890763216,-0.61129493094421,0
141,9.762023509762074,-1.0580616246735244,9.784590612744534,2
142,-5.856619518680095,5.069063442689988,-11.308094158614578,1
143,6.856899907044538,5.26630006708781,-0.9429948720834628,0
144,9.388201490190815,-1.5684219457557282,8.163814717359129,2
145,-4.45140788130794,4.542577040804427,-10.144665793579573,1
146,-3.3617546935089004,-5.487918841494759,-5.112336857786182,4
147,-7.759902861756881,7.592744806939317,-10.822883150400953,1
148,6.667402467424852,0.7197167378108267,-0.021018782180416418,0
149,-4.444507723959129,-8.171524020042837,-5.641110729349938,4
150,-3.6529954523556585,-7.390790736870594,-6.3214365481945,4
151,-4.823578029142072,-8.463469004224514,-6.095409998793072,4
152,2.637873830793855,-7.617804454409561,-5.6083767010842145,3
153,4.669574606607446,2.154522905890596,0.8120768019647295,0
154,-5.322289396585566,3.3049919390584206,-9.526851009416124,1
155,-2.8129308778758637,-7.741054510570979,-4.159063829715827,4
156,7.075150507102671,2.3890205944964946,1.4669529839684547,0
157,-5.149293327226908,-9.62443629105643,-3.0854955738640957,4
158,2.261690288504756,-9.169243162987943,-4.550822828856902,3
159,-6.236333900313963,2.1076506538107083,-7.627682499751564,1
160,-3.97157198742168,-8.326572501385435,-4.114075132139351,4
161,-4.073520338227889,-9.022253007122336,-4.08827276858411,4
162,4.161027321309444,-7.41555067137417,-5.157070726179794,3
163,7.201475238755142,1.1514409270531414,0.9263946940648244,0
164,-4.426721907993798,-9.11700855892319,-3.639575817517814,4
165,-3.6528281338086064,-8.809493543163459,-5.0143101742936995,4
166,6.3981206393766055,0.29990869340493864,0.1342454860512481,0
167,-5.36064365100227,1.7364128923002484,-8.774756463192208,1
168,-1.3053111986935804,-9.79465241970199,-2.599253585476657,4
169,-4.088023366001339,1.4064662271202715,-8.193205498157264,1
170,-5.257760784527293,5.606550473875982,-7.678177896170066,1
171,6.396873609081854,2.2257104149904254,2.201368418557089,0
172,3.8943969018558944,-9.045916471451797,-6.460020484830979,3
173,-7.088478992903282,4.988706452084587,-10.097702488897593,1
174,9.023235918207074,2.4682753476825914,-5.0264966696943585,0
175,7.070441028551892,3.3227305735081183,-3.1841034948082085,0
176,9.418704771534781,-1.7896760669954166,9.338666055291217,2
177,8.19727160599926,1.6992925630672837,9.223354472668904,2
178,-4.698099825463791,5.685783720556134,-7.063319808680944,1
179,2.1842265942102337,-7.7901973783884095,-7.341274325934613,3
180,2.4610766800345742,-9.033704462206511,-3.7184123083653255,3
181,-7.0262598339875755,1.8606357679594536,-8.417002547591002,1
182,7.132525837708743,3.37749951354964,-1.5144024123149467,0
183,8.353142883613002,-0.2578643306310854,6.54486877236706,2
184,-4.570652892845976,-9.260130561385363,-4.4437350868982755,4
185,-1.7037698544687814,2.427830107994143,-9.537466985484679,1
186,7.215268725804826,4.5525554836476765,-1.5470352252238022,0
187,-4.250860825853754,2.9501418172649396,-9.349875812136176,1
188,-5.200771303116095,-8.190791335165574,-3.3510679123553606,4
189,-6.517973685538217,2.7637908884508926,-8.107136203315104,1
190,0.6396353812272908,-7.230042705020344,-5.284328490105446,3
191,1.7797430237660063,-5.919611066577422,-7.607608923784528,3
192,-6.2920852111427585,4.98178137563745,-8.147507092424435,1
193,9.250859906913416,-1.7367592881844018,7.457081718285523,2
194,-8.255046344337504,7.18049130137682,-8.086615457927962,1
195,4.472332492148709,-7.45847826110793,-4.891836659683063,3
196,-3.3558362801819253,-6.692769288269783,-3.5859640652654536,4
197,4.505101168425249,-8.47361178841099,-2.8506623876268096,3
198,7.307605869839298,2.3153419124493757,-0.6397321733832342,0
199,9.760334617469699,0.3674203415160253,8.406515958362952,2
200,-4.284204340983513,-8.158987522588694,-2.806759985052479,4
201,-7.230360084559241,-10.7574776228972,-2.764395549261918,4
202,-3.593295488121874,-6.054510101553904,-5.88809531703839,4
203,7.574246310126007,2.835810475593057,-0.7462382334960008,0
204,7.228440864897299,2.613738605510577,-3.027590856579043,0
205,7.435575298343863,-2.007173666031696,9.567765362029961,2
206,-6.960874505007297,8.474066243396162,-5.98310599984081,1
207,-2.484518399070561,4.494114370570953,-7.565799746369297,1
208,8.768159268554822,1.5580672692383681,-3.5885849371390113,0
209,-4.159658565162881,-7.161214880751707,-6.921069757074977,4
210,3.2802616260558746,-8.300868297236356,-6.585893422210535,3
211,-5.469681049642402,4.168149843064978,-10.195365163932111,1
212,1.424202019006621,-6.129938186675025,-1.4525103913856077,3
213,5.356050324607694,-6.176876605932452,-7.557095066932311,3
214,10.863091407990764,4.091799712286841,-1.7113597748711502,0
215,8.535795914969501,4.4895685802509,-0.07051547793710711,0
216,10.617503870443631,1.516517569107932,0.2736992638627358,0
217,8.34216419074399,1.8494789832286633,8.259419914906958,2
218,2.617248149229024,-9.16514978353926,-7.652628871292366,3
219,6.775898420006014,0.432320511468528,10.597958138865671,2
220,-6.793605903621241,4.348504931692437,-7.980356979567704,1
221,8.72615042586975,-0.7526244660689306,9.704806923112958,2
222,7.179665418674603,-0.1412434712304167,-1.8507528398314763,0
223,-5.438934786283548,4.569199041978655,-9.808424871852829,1
224,6.333011433632027,1.8186415335316757,-0.6090527411531215,0
225,8.461111794408223,-7.134454846853004,-4.366305842099566,3
226,-4.179911304206633,5.480580098752702,-8.723766227497503,1
227,-5.1391507549729445,-8.076592406384288,-5.18930489539661,4
228,3.5882833897635003,-9.893704296828094,-3.9901209990582047,3
229,-4.12913097018374,-7.863120315775407,-4.65742987216679,4
230,2.9428908984959357,-6.665729328818186,-6.176383493992742,3
231,0.784340538522436,-4.33811210724407,-5.565252845117592,3
232,0.33912747764434537,-6.910703480918738,-5.683309646701743,3
233,-5.061455926217924,3.083957869496889,-6.959500829214107,1
234,-3.584746948095842,-11.024378549558438,-7.223091816251413,4
235,-3.6841581565329378,3.239898681448156,-10.269076678905481,1
236,-3.1108533695304805,-9.108281996269165,-5.609028592012685,4
237,12.085530219973654,-2.1372194041949544,8.160134450422538,2
238,7.2764518165287715,1.1483947855610706,7.980957165778275,2
239,5.5513820620631344,-9.885647821492485,-4.298925464576702,3
240,1.329425473286943,-8.443078607076638,-7.142491647477968,3
241,3.3430545450037465,-7.6812376297728395,-9.82190985799379,3
242,-4.5700879029988295,-12.023161565612522,-3.998452727744249,4
243,-2.5519320648456465,-8.729716989495774,-3.5776670216326734,4
244,7.171403612041375,-2.502694835079562,7.802813736969921,2
245,-5.785433233442664,5.515065285602258,-9.99836396107288,1
246,-4.647096843604934,2.5440329635390393,-5.394727478226182,1
247,-2.5787616144463064,-8.687959226571117,-2.365132785931642,4
248,-7.287759276631288,2.4240263167772147,-6.518708887565012,1
249,8.223522087493775,4.405375219583854,1.2474735237223484,0
250,-5.564149589713912,2.72625926163818,-10.083757702856023,1
251,9.604446337478674,1.018804665087005,-3.079327913495189,0
252,11.615411267589938,-3.311408058303665,5.648150488292105,2
253,-1.0750758856902523,-8.197526318996015,-6.0469538796152165,3
254,7.560720654219135,-0.19876528251447878,-3.394380734551038,0
255,6.851467569907778,3.4514548055799374,-3.0561103984774705,0
256,-5.415729376729347,4.7804712386869745,-6.84374156210713,1
257,0.244304520633837,-6.2877265459792815,-1.418028703044011,3
258,-4.3248165448073355,1.1097766223710894,-11.364225661736953,1
259,7.316171666645398,1.4784499408592293,-0.5975877003188425,0
260,-5.486980070477749,-9.519505557632174,-4.807432429122522,4
261,4.174300043732451,-9.64576905632568,-5.143521211494607,3
262,8.43694035047945,-0.8398948845511054,6.458846528716322,2
263,8.470264374115475,5.086054902247721,-1.0939614620262754,0
264,7.915495585621559,2.9369650872055435,-2.2425567815946996,0
265,3.397258042794669,-8.956178983272613,-3.918617969437638,3
266,-8.752134599994768,4.062326423798503,-8.45856859646815,1
267,-5.933489025354429,3.9550200048717317,-8.344984589998022,1
268,10.696106556637705,0.38341747380094526,5.686818515747174,2
269,7.2044199010254975,3.7346816565069005,-2.8065668016926058,0
270,0.7891006559200426,-7.295268579283721,-0.6829126073376681,3
271,1.8271499754807339,-7.676015595504346,-4.6585717143210505,3
272,3.3914580205931504,-5.21817423729352,-4.884504634950959,3
273,9.865396790855806,2.4289597965215677,-2.7936711120898035,0
274,7.767352335692202,1.8625080499102613,-1.578001381259972,0
275,-5.835070355045319,4.49674109381558,-8.252040077179464,1
276,2.3933132468782046,-5.640435058160377,-7.535808733297554,3
277,6.769420317124988,-2.1778853973549945,6.00221887208458,2
278,1.0985831696626625,-8.306183554869586,-4.4598955517383745,3
279,4.292774953151362,-6.460506959198568,-7.403321009559728,3
280,5.06853771722669,3.4314433175987924,-2.6964669692797476,0
281,-3.6706470589633744,-7.455745581640417,-6.040475597144443,4
282,-8.042345561090514,3.209755155236317,-9.494290562611088,1
283,9.61225874884687,3.3789598108039733,-0.7322445565469896,0
284,-2.262489163582458,-8.709909777900478,-5.313124148590518,4
285,5.291538889579405,2.2717213581744984,1.1517020901788726,0
286,11.953808851374601,1.000026462135077,7.056539536444232,2
287,8.496232592474405,3.02509376437807,-1.9404055530760331,0
288,-3.633931806579998,3.6348495599850668,-8.649754262580762,1
289,5.9114754151267865,1.8718130094684953,-0.30343252603991244,0
290,-1.310501987640118,-8.992244640480234,-3.270109780440907,4
291,-5.774302739256399,-6.939849103156082,-6.291214981549641,4
292,-0.6752457851766902,-7.687866346156118,-2.129060784289761,3
293,3.7693626202182164,-7.8541812711264,-5.194308467884943,3
294,-7.749656270928352,2.640668278821968,-9.027345563668904,1
295,-1.7241346228489576,-9.713494338064923,-7.824669303093256,4
296,8.491976901240779,-2.248304574320341,8.104317916100289,2
297,-7.137801859433858,1.7037391509054087,-11.379041931180645,1
298,-3.229786092519813,-7.841252797925245,-4.648149147971542,4
299,6.533737437244459,1.6110011924094716,-2.179119933814479,0
300,3.042979098946687,-8.270115604290433,-6.450256899112452,3
301,-4.739055712816338,2.2655020160118498,-8.579854971862417,1
302,1.568676910538222,-7.460075354794277,-4.9808432322797005,3
303,-6.007979754377049,-8.614280464007855,-3.435361035002118,4
304,8.510865390520749,1.1983922118656853,1.475238736458571,0
305,-5.207735419251912,4.401784412505954,-8.551277456878179,1
306,7.270370559248432,0.9684460209021652,0.29387085195591567,0
307,-6.38524637492524,8.309115424404844,-5.378961026844905,1
308,-4.448183554228439,-7.191542188953978,-3.5838021701439464,4
309,0.3241678237326582,-9.75513118576571,-6.534247050791215,3
310,-6.180057220483015,3.788524043136679,-11.066369137528117,1
311,-4.928375038088571,3.2443235734726215,-10.475365456953455,1
312,-5.603652282105086,-7.995001458978509,-2.9046630604423784,4
313,7.5189929038127685,3.1001356257592816,-0.752668244162689,0
314,10.502649884793218,-2.8538867186012395,11.596540365116176,2
315,-8.44498942488644,4.94706415839128,-10.856812503129744,1
316,-7.010406944284842,3.9576018365355012,-8.641485457981307,1
317,8.1411834449489,2.4285162233276645,0.04766939987944441,0
318,-5.016781097291798,-8.882518616629923,-3.331173515484912,4
319,1.8524788528480463,-7.4891412019964925,-5.859481643766262,3
320,8.320411703788803,-0.102820376528369,7.483857649762571,2
321,7.417561214967514,0.6671284747602342,-3.082416018577605,0
322,-1.8847392311355495,-8.569406208815893,-7.118603413278871,4
323,0.8786837879402274,-9.9020288437974,-5.766037290272458,3
324,-6.682223890576427,3.3235812974613688,-8.38369601232196,1
325,-4.906736396706623,-9.364295333177155,-4.190702937024898,4
326,1.157810050178994,-8.43291371129088,-4.092684060795861,3
327,8.159351609875099,2.4061443697273703,1.7075060723188296,0
328,-4.77419333515763,3.498835097847357,-11.157773888128718,1
329,-6.839954317012517,4.890407008438926,-9.518103487652269,1
330,-3.1831758955082483,-7.107898664314814,-5.724249804137794,4
331,-3.690584422426678,-9.078568920172083,-4.585422773647544,4
332,-3.6329691851900527,5.634999263803854,-6.742764151153804,1
333,8.581439538852404,-0.5106727527764967,-1.8701497665069498,0
334,8.663204737521324,0.9687494991482608,-0.12119822833358462,0
335,-3.694400179438219,4.9577089554799105,-7.3196325899045664,1
336,-3.467516007881617,-8.804422854959205,-3.235518780042891,4
337,5.481547073411042,-8.779978656827543,-4.759771073727241,3
338,5.540656575269585,1.0446725597493813,1.5723223931286752,0
339,0.6956035549591575,-4.802705460770623,-6.69635883915332,3
340,0.6587708180654479,-7.13509856881191,-4.512357347798012,3
341,-2.9402163816699636,2.524434876099461,-10.590303219803898,1
342,10.870900343072698,-0.887276357104734,9.43191492668734,2
343,-1.5842635780953653,-9.554925249141093,-6.951944766283612,4
344,3.9725292692545704,-6.950373546179369,-7.580912121615617,3
345,-6.550016963621366,5.688668646128832,-12.570014346749186,1
346,-3.624298887223081,-8.473670713002925,-5.1457069432874665,4
347,-6.453855857527019,6.7687962089211915,-7.6975345146646035,1
348,0.5614970195261408,-10.260805328920643,-5.7260664538134485,3
349,8.391163002092835,0.9368085999212346,-2.851252165893477,0
350,8.964903122805007,-0.1715215032618646,8.297183860660962,2
351,-1.3757591316830289,-10.296870522651199,-7.737185521985471,4
352,10.243716145998954,4.547182276124401,0.07448440869597217,0
353,10.79049705752806,0.001996876741026332,7.934832609584145,2
354,7.549486613732139,-1.6788592058780802,10.176315962715622,2
355,-3.567479713593607,-8.6344145964615,-5.570262174857222,4
356,-0.6032162689651086,-7.950542001382603,-5.946299342278539,3
357,7.475009513389817,-1.1291246421715389,9.402710064221784,2
358,1.9914931059118157,-5.441828292978952,-7.195143823152244,3
359,2.3347421443035543,-6.789797434080905,-6.498995467819006,3
360,-6.485207085028456,-10.005682759606103,-4.734785508827856,4
361,7.974585525149792,1.7763450566990096,-3.0414767966060228,0
362,0.6732335811167411,-10.653234932083944,-5.226894969386172,3
363,-5.008004365887798,4.017344405414996,-11.637611458831906,1
364,-1.796371516454069,-9.92210705210649,-8.05576613012347,4
365,-5.873339696265398,2.9116259777693627,-8.58019494952467,1
366,8.189417466845558,-1.358772064569384,8.066417532990322,2
367,-2.2008045069545483,-8.158444431240849,-3.3389403057236953,4
368,-7.759814334137264,5.844718612446584,-7.851511868888393,1
369,-4.807248876985867,-7.985020306783806,-3.217980838999435,4
370,8.434307949552553,2.366194517994939,-1.818720453878143,0
371,9.454837600069366,-0.8683666985233058,8.769893647336552,2
372,-5.376309083432931,2.411917770686114,-8.334282652494618,1
373,4.73416025914605,2.6641635740121785,-1.566357974613652,0
374,8.148063022907065,1.3360395557312092,-1.6426030884350484,0
375,-4.5883930550205525,4.412345679957801,-9.47416394581627,1
376,9.295526492274478,-1.8253776221179467,6.411926341440786,2
377,7.962200453760514,3.1545656208051494,-0.8301828156521794,0
378,3.476542382919718,-8.745301154232372,-4.044727874190724,3
379,11.247442013912805,-0.57198041915411,9.75924505261287,2
380,9.033645634557839,5.523222120223176,-0.3673243145550985,0
381,-5.125939298489675,4.004389238853197,-6.921818431151468,1
382,8.385439191433898,2.1519037220684973,6.525991587958792,2
383,-3.721891252425379,-10.147186855073526,-6.720771995863523,4
384,2.281106280689725,-7.78144239747663,-5.513504303157665,3
385,-4.4344742827444135,-11.106535657517988,-4.809804330911146,4
386,10.149960102658222,2.0760177251582106,-0.3646911081593365,0
387,-4.650508034080569,-9.679051505521036,-6.656843629602474,4
388,-5.634806159903223,-8.700894613972556,-4.024866399224767,4
389,3.0402266715132864,-7.555560012280095,-3.2057170718572423,3
390,-6.972684331651818,6.184320408195205,-10.919287438053555,1
391,5.808281655646624,-0.4752522615872389,10.993741437101622,2
392,-9.513936419499847,1.641676102535405,-10.693738330399032,1
393,2.5274650315526914,-6.643443984481709,-6.393885848004956,3
394,-0.25896162842439496,-9.800828648799316,-6.30565784764374,4
395,9.595645459329926,-0.9863891789582805,7.0506669399654704,2
396,-5.9892279833134126,4.415405259288213,-10.102660964336932,1
397,10.995714013434068,2.227125674923099,-2.708420570107871,0
398,-2.53521439007583,-9.616291836033882,-5.097351736679328,4
399,-1.9740111567826233,-7.774740931545199,-2.9261953171236073,4
400,8.971371211319674,-0.77495060955458,6.625880345493478,2
401,-3.5393439389881918,-11.783083093925933,-0.2218414558418491,4
402,9.162173626953596,-2.3286651286027045,8.893463582386033,2
403,-5.277574185837329,3.61063082286505,-8.4977329628618,1
404,10.229868581816165,-0.05175644659297585,9.21328488808208,2
405,-4.603206363784581,2.653355801945012,-7.567125086164732,1
406,10.837908551571699,0.11566759389611625,9.346768031509107,2
407,8.298891446042107,2.7277982422746128,-1.8794605524198875,0
408,-1.7754287420343555,-9.238649874771031,-4.698836603452629,4
409,8.684103584363953,1.500890409877567,-2.170488864677255,0
410,-6.539888913373545,4.468869251173517,-7.672074379518783,1
411,-2.491077299097732,-4.281034692475242,-3.910892692328216,4
412,9.150416159376967,3.399644737532358,-1.5372231891832693,0
413,-4.732343332026232,-10.697079350054569,-5.425039785863166,4
414,-4.044856006705656,4.127382582348671,-9.169489379815769,1
415,7.196181750668422,-0.6954047377467134,9.807880595730033,2
416,7.878517708662141,0.9936180712747793,1.8909729600823693,0
417,9.639759238766883,-0.12697392905697524,7.044433752597898,2
418,1.969117964797473,-7.070755996299281,-4.284621152445775,3
419,9.417938586904185,0.1658491013168808,-2.8696609422635198,0
420,6.107786619860824,1.4337854978800135,8.140339459643725,2
421,7.949073896266584,-1.1965964391897486,11.45241171934902,2
422,10.112517694710325,1.241122220553787,-4.092800435842389,0
423,-6.244833037935604,5.139187717054435,-8.492179599216,1
424,-4.657830262410612,-9.470050014575799,-4.103282939230547,4
425,0.9482559094943745,-9.48897432038813,-4.809511828316213,3
426,9.12075222190345,2.9446862749215956,-2.426410194848809,0
427,-7.580719230962964,6.973670947270023,-4.0697700343719525,1
428,1.1319584162226566,-10.391476225361096,-7.299437480068511,3
429,-5.921902826347199,-7.956848411635008,-4.683291438660486,4
430,5.545022125658152,3.1987753621728294,-1.5109331389159435,0
431,-4.802624532578443,-9.518213048113902,-2.2078155453978625,4
432,7.634426050632075,1.092976253895983,-1.030816697269777,0
433,8.448138566391616,0.1671723510846448,-2.054353452579049,0
434,-4.624747243548341,4.808822403352487,-7.386529952654182,1
435,-7.882233244819007,2.9739329114396984,-8.977821112989666,1
436,3.332868581198024,-9.168860618590482,-4.842026318490725,3
437,1.9913599733499165,-6.999452688358179,-7.434513406743513,3
438,6.458828745349158,1.1388455557943291,-2.968417314728757,0
439,4.371135157820024,-8.766421875883989,-6.6213092960772695,3
440,-7.129278742064047,6.66518826324797,-6.1978397132376974,1
441,-4.642386757179757,4.821113199268233,-7.028235438167006,1
442,6.865323453298003,-1.0176286692305645,-1.0325683651150497,0
443,8.946615887779194,-1.8098111839717292,12.006218526735202,2
444,3.664918033174957,-10.544704914117604,-7.972999790868531,3
445,7.1560651037250205,1.389392294086147,-2.8836413965477443,0
446,8.584305317484473,-0.511419817497767,6.042123746127157,2
447,-7.169917376845118,3.3160084263088137,-9.798540654845217,1
448,6.401653349152812,-1.8607360408130127,8.541311058303691,2
449,3.3301339033779707,-7.621684959287078,-5.80407834113057,3
450,8.322625631906975,-2.3509161104185154,10.8562632481925,2
451,6.992595917369687,-4.298571869217112,9.693669381338541,2
452,-5.048437155527262,-9.74342521183484,-3.72468909617645,4
453,-6.178000971847725,2.684480469862873,-9.07015219464454,1
454,8.318415549648222,2.0195109821184376,0.3774044221441446,0
455,3.0056870412637804,-6.061669207826435,-4.6541322198634365,3
456,6.529379655249081,2.912393462418679,0.3371483041278083,0
457,-3.670371469401631,-8.889918062763178,-5.39713245366643,4
458,-4.381613126912474,-9.791485435392822,-2.8496249689770146,4
459,-2.4265249902978283,-6.532100651967094,-5.089652415634624,4
460,2.436508469239495,-7.919440697141134,-5.312831866319621,3
461,-4.505129107000673,5.9407400471835325,-7.631014390724629,1
462,-2.329654650803159,-6.191200869430846,-5.105769569567024,4
463,2.2587201927253617,-9.289714239997085,-5.955044105647002,3
464,-5.626437594295875,4.08824178606468,-10.982787039819446,1
465,-5.953493433105857,3.4948898949837823,-10.419774966626647,1
466,-4.051429109064112,-10.08713544530567,-5.312411530560472,4
467,-6.019012016297319,3.7742450135271053,-5.5066664083874866,1
468,1.6006553959377519,-7.442520145184485,-3.386069623028837,3
469,-3.177590091751786,3.7387951145713174,-7.987494138962656,1
470,1.9542711148754845,-8.0815097148702,-7.279801829498009,3
471,10.393278333066384,-3.2973709683230026,9.213563890433075,2
472,9.397963109185584,1.1565667851021684,10.04306635353516,2
473,2.2944755590294443,-6.420698541170717,-2.082882963779591,3
474,2.9531969998353187,-7.217888225325735,-5.112730357467575,3
475,9.688959115445904,0.331982244749518,8.944833705742901,2
476,-6.121455069177731,5.397953059060993,-7.286335356268897,1
477,5.865614717901822,2.423256631171351,8.835627116872445,2
478,1.2646146031078631,-7.157102293591359,-5.816162806733028,3
479,5.833877321491236,1.3064608518450056,-1.0786652252809321,0
480,-2.3655621947834433,-11.51937913573001,-3.1731215390711314,4
481,9.385024005680267,2.3229388760759093,0.7730606488178542,0
482,3.3338695300056957,-6.5983737870105665,-4.038427769990421,3
483,-4.876766022785346,-8.121244959653017,-3.4263775545274915,4
484,2.4615471341809174,-8.519903075758515,-2.5999850863096046,3
485,-5.012325726385996,6.124657538429535,-9.084508657868412,1
486,-5.405033560204888,4.965096417954193,-10.224845646878768,1
487,-4.727742822045255,-9.166011067594043,-6.544266496133305,4
488,7.083006285316543,0.708036461774,-1.1628111281521072,0
489,6.360892886044973,0.9148925926040519,0.5641360941388331,0
490,-6.6115348404260015,-9.390900371545166,-5.62870808418881,4
491,10.87076845079701,-0.44847921579822325,6.7999755235432,2
492,3.1440515427114066,-6.931253105850437,-3.688489442703245,3
493,7.562470718737988,0.09983225693394981,-4.165711926059637,0
494,-4.007842543355228,6.4073904351439745,-8.506194656554158,1
495,1.295981133510627,-8.97578279864382,-7.123619770118625,3
496,-5.75704104688078,5.629692002250574,-8.794909990235878,1
497,-4.940450086499165,-8.735023446735669,-5.353587977054422,4
498,10.130955651342319,-0.18481028668355515,8.065301724748892,2
499,6.827667853320005,4.999526939694258,-0.31949281895633597,0
500,8.846992402498655,-1.5358368858329314,9.051162849610927,2
501,5.001225901626862,0.7939588568318374,0.741753702914302,0
502,-4.039227410559401,-8.723845983027465,-4.62162887142696,4
503,-0.40858003778550156,-7.880304282449102,-6.104553166063442,3
504,-3.4530818167128183,-7.168811900879305,-7.622555541707057,4
505,-6.8545219905852175,4.135792822831923,-11.266700286453059,1
506,8.581363219350031,2.162225539780459,-2.9164667573220924,0
507,0.9968138883062745,-7.996111037101272,-4.434262689389655,3
508,-5.137879142310601,-6.696094023346225,-3.5029158364754966,4
509,10.257049618125123,-0.24869250257778308,-1.5008531516474792,0
510,3.196033236243428,-7.985066840913551,-7.351611091191497,3
511,-5.512556992233737,3.9858445442744497,-9.446113813710939,1
512,-6.408024079779419,3.2348266261079077,-8.679061500944764,1
513,7.035509911625235,-0.6101966292591295,11.825703873421052,2
514,7.837514619057547,4.849445947778641,0.15844927937364406,0
515,-4.452612514888847,-11.977464736524562,-2.890184160427365,4
516,5.0606385352612975,3.1573124655029012,-1.7689410161373629,0
517,-4.075782052634351,-6.122493221079054,-4.615701157969744,4
518,-6.0727303101936485,2.7125694712570594,-8.663853302914717,1
519,-5.696667451144305,-8.915618850012299,-7.4294208913882,4
520,8.039062922788535,0.7651457527451135,7.2065124434580285,2
521,4.8697125452990955,-12.535380247692679,-6.57992410108856,3
522,10.18479117830878,-2.324134268554085,8.82669130490822,2
523,10.936497921886577,0.9090139311586305,-1.561395716540133,0
524,-6.199841697332266,6.506778843453663,-12.806104724390174,1
525,-3.958645365846441,4.426026142141547,-5.964142098250543,1
526,-1.3135266882747527,-7.481834114461189,-2.717477089453594,4
527,-6.987101098404684,-7.869769116980303,-5.207349748793715,4
528,3.4874932044868627,-5.666189035274085,-3.33683558841145,3
529,10.108942111735704,0.054351809326182554,-1.6793869802050279,0
530,1.0547754698931806,-7.9972898247284245,-4.585803070321015,3
531,-7.226472613370942,3.290347129810342,-7.1635988884738575,1
532,-2.4787363948480214,-7.00773618513185,-4.434143226290247,4
533,-4.589783534458391,0.0670327478977093,-8.396659099148819,1
534,10.011493345616758,0.3164696987997182,11.801865874436361,2
535,7.580697601120148,0.32300494174613814,8.21035258366717,2
536,5.2571474285660065,-13.109062344606883,-4.948213190014302,3
537,7.719338565263711,-1.7500534445560523,6.411839647110229,2
538,5.475453544235143,-4.933066466601334,-7.090164561721764,3
539,5.355489341221467,-5.792621673889214,-6.3798278604244665,3
540,1.858730344599068,-7.03197658876682,-5.405174363447694,3
541,3.393966728465116,-8.719562913792899,-8.95913687000632,3
542,8.256828890189746,0.8344485666307802,-2.987427196912689,0
543,9.634445237384885,-0.5789830362344356,9.752855760899449,2
544,7.297213139264459,-1.6367191602458169,6.857488584076002,2
545,-3.8152205185247485,5.250906090704141,-7.978089008890231,1
546,7.464004684482947,-0.06973250201833603,9.286699764910043,2
547,8.219001097874617,0.3471126165866716,-3.5648712326198027,0
548,8.854123495278978,-1.6827458364285865,7.132114001511261,2
549,0.5855789597137853,-10.255897320846756,-11.04015209669105,3
550,-2.2005804411438596,-7.084462658933469,-4.8549224587572954,4
551,11.837679739396496,-0.23099003866905188,9.835571074651636,2
552,-4.37560894179493,-7.810487096392112,-8.323323599729923,4
553,-5.385730994643703,3.8667756889033007,-10.559485891247007,1
554,-4.6087343501470315,5.869836467527387,-8.01534308807679,1
555,8.492269766237193,0.0906167724733814,9.42394695886551,2
556,4.539380452448855,-10.068546859221218,-8.34303330368588,3
557,-3.1293667875875473,-7.4302893433003465,-5.769292404897541,4
558,5.551759723011252,1.2033066450997782,8.556226799311982,2
559,8.32805649429208,3.639280295265402,-0.7129254631525546,0
560,-5.499987037487863,2.5032200706042698,-7.522361131962191,1
561,4.390345268377759,2.743620141215543,0.35886396499964546,0
562,-6.2875524281060695,4.790527627910759,-6.699566308079274,1
563,-5.6109973360261485,6.687745392088537,-8.842074993492727,1
564,-2.268484180295965,-9.277964025658608,-5.325023846504282,4
565,-2.3578903950976056,3.6849002889040845,-9.559383461523808,1
566,-6.380471252622785,3.749888375252209,-12.993812153866994,1
567,-2.58138901837441,-7.162005288220888,-6.184243235819949,4
568,8.074205842566846,1.9026334425653577,-0.7333473035314998,0
569,-3.553741001470235,3.2916555420877995,-6.657953768260476,1
570,-4.836784998096091,3.0606630946564586,-7.883471551983148,1
571,-6.055628812169003,4.83742782018596,-6.649313710948841,1
572,-2.8320661713333912,-10.013153379859236,-2.1316092696310665,4
573,-6.589365571209527,4.979160931064028,-12.216762323198118,1
574,-6.759176104654777,2.717132329989477,-10.114234600883545,1
575,9.036180338184653,-4.23982682047876,8.83846017710727,2
576,6.1992816073809145,1.8435506334733862,0.9287720935055352,0
577,1.3028230661836881,-10.128130165165636,-4.684896736441291,3
578,9.05826689551222,-2.1466078414393324,8.1289868007869,2
579,1.848601850588837,-8.026316577067485,-4.069695128052348,3
580,8.969056115564504,2.194321277858265,9.678854901680918,2
581,9.587798106358662,-1.4171688805869245,8.25155286185492,2
582,9.316043169882754,-1.6247800704561743,8.090437906367049,2
583,-2.214565154909526,-10.339302774935836,-5.7018146430178005,4
584,-2.3935081931856956,-8.717458864448975,-5.772706590305074,4
585,8.585099405973992,-0.2515116502790392,10.335851671876398,2
586,7.096914870452104,1.1216184165494867,6.87217603613407,2
587,9.523810419028562,-1.5765975470912679,9.658654882156863,2
588,8.508944262989667,0.4050378821742431,8.655162346337553,2
589,-4.870096882939928,-9.964051574185124,-8.668034814813623,4
590,-5.515006897784739,2.2966155733054587,-9.177292354017546,1
591,10.066530349622635,-1.518525952885093,8.330817190907638,2
592,2.1129477640026804,-7.851651467380871,-2.477806402674683,3
593,-5.600693573516088,4.96440137768716,-7.775732647771921,1
594,-1.0213438105362096,-8.26408375750779,-6.529971621221836,3
595,7.879737486304688,-0.3527943353261984,12.10112507572623,2
596,10.531858684034207,-0.7316831001799777,7.799918505912068,2
597,-4.308989358661239,-5.394915296436479,-5.08478462368361,4
598,7.2846087696402035,2.8108362186317812,-3.73814258677934,0
599,5.284287745128303,1.6688337896948895,-2.067023675880318,0
600,-7.985315601003417,4.679939926139609,-8.873215773989843,1
601,8.966317282561773,3.2876730010149213,1.0316360762120445,0
602,-4.834038110188245,2.2412985570544963,-6.926348948868586,1
603,-6.0725794630437875,4.208908508257556,-9.852648427772227,1
604,3.33705886791856,-8.34258308185,-3.8973822674930214,3
605,9.98300350800397,-3.337516350492562,7.562450119554379,2
606,0.8573076070888532,-8.85992495897805,-5.4302555097378695,3
607,-2.3411770090274984,-8.722776718974767,-5.3019494999024275,4
608,10.853371365775507,2.6373981172881775,9.180289241173176,2
609,7.184674828262978,0.9186713779130056,-0.8409862125652535,0
610,-3.8424230364936243,5.2514765440410685,-7.1814898655108,1
611,10.514145913656172,-1.6776541968982122,10.64565062516639,2
612,-3.533873192971356,-9.581532873150021,-6.064848521414765,4
613,-3.7976782336674915,-9.075189030128998,-6.05114594106157,4
614,10.438698161909436,0.5660402222686725,10.993952225462913,2
615,-6.260150831906336,5.2985927653049725,-7.550710372562888,1
616,2.2479128180865584,-6.914456779459278,-6.399978615466388,3
617,-5.438650862638411,4.417327052171124,-8.904654229617362,1
618,9.750980870961243,1.73936967373815,6.764579173536756,2
619,5.213143793352366,3.3095853980772,-3.3848976857333937,0
620,10.206088835489345,-4.472609316442399,8.457867490663224,2
621,-5.224339861674207,3.8888050298548626,-10.31594714324036,1
622,-4.908880966736802,-8.264706779748437,-4.280041267332429,4
623,0.3317880712788357,-7.700839904677193,-2.211849985959043,3
624,-2.0798290479531407,-9.759759640922175,-4.641786884474763,4
625,2.921673671689006,-6.646201941723789,-6.124736645875918,3
626,-5.503222802803195,1.8694597505602308,-7.825071964486941,1
627,3.408922140470377,-5.653496065564677,-3.437749187324213,3
628,3.1716665763227287,-8.198515319986534,-2.747299511082982,3
629,8.163027047552815,1.3486438470350837,-0.9793212184851492,0
630,-5.876724931363996,5.42091515484295,-7.675845177396039,1
631,10.187654506963629,-2.7981793446422634,8.454362361470922,2
632,3.9607786351961938,-8.275235153969032,-6.257973882057803,3
633,3.4012994172644233,-6.8514664621436205,-8.34459011450947,3
634,13.6609129099168,2.2102792048348734,-0.9604560564175284,0
635,-6.329838696890991,5.36053391837033,-8.483059205140234,1
636,-4.991434820274033,-10.099215663094716,-4.683867729068943,4
637,10.843557063289337,-1.1119252149139585,8.123702350231248,2
638,7.325193343912241,3.232398346552203,-2.5026375604661792,0
639,-0.1439039218405962,-10.133653958689083,-6.157065099437919,3
640,-5.4999817080578435,6.142677574148214,-6.488592338724892,1
641,-4.079550092305098,-9.635175497330405,-3.3925735412143414,4
642,-6.894343565915499,3.944611027434882,-7.563417345177362,1
643,10.390258241581398,0.5510832483046664,-0.8954184950779028,0
644,-6.2863047598106,-8.315398832189027,-5.540087021474921,4
645,-5.032342246036207,6.14386149000144,-9.961475952469895,1
646,-4.9270281281151895,2.1817011721736943,-9.557633483057343,1
647,2.0834950948454947,-8.259114205227363,-5.612159568454508,3
648,-6.423853624687964,4.3038694892423175,-7.50833363345799,1
649,-0.6062695277527608,-7.480902319572585,-7.2918173195772695,3
650,8.188370083283111,1.3817343367011825,8.111277711074715,2
651,6.991093592884967,3.5157769113044974,0.08881631675767476,0
652,-3.6611687041160845,-8.741348712162328,-4.581766704743593,4
653,3.413804161177967,-7.6880643516551395,-5.283538460154198,3
654,8.6147166810152,2.162977891750316,0.5622804641926744,0
655,-8.577552445760265,3.228519117673995,-11.071478044861443,1
656,-5.526465960684649,-11.988865953459051,-7.33083003093987,4
657,4.430707941481267,-9.192868478035537,-6.908221534204989,3
658,-5.677716512216724,4.331305791907176,-6.207284609641129,1
659,-2.6037252671016535,-9.74633817058617,-5.699667482287814,4
660,-6.3941685023976245,4.063549191476612,-9.553445373182068,1
661,3.977350324976095,-7.908872466730838,-3.9896413408241864,3
662,-5.250531054227833,-7.838594628601047,-6.043976521811362,4
663,-3.0009947049444605,-7.280158742830927,-8.689940706261538,4
664,-7.723976984027195,2.1980623918306454,-7.979942892005818,1
665,-5.1173546586456,3.378779159292119,-9.034333215211133,1
666,9.27688308116522,3.295184530646088,-0.3696912966755038,0
667,-2.057912008791438,-9.130976944237073,-3.480271991398611,4
668,-5.1399286033735985,1.7700004031586034,-10.277293234171996,1
669,5.354191698988351,0.18280560042236615,0.14401337051190932,0
670,-7.555888039029313,6.531655793406499,-9.024303562081101,1
671,-7.168303289711853,1.3233466883188094,-9.08219971130093,1
672,-4.889269336819857,-10.65426608700312,-6.544450708567464,4
673,7.569397299044531,-0.22018895376840697,11.782395133812173,2
674,-4.2888227726434645,2.9199515174716932,-7.989835639575043,1
675,5.456770841234137,-8.257840756026779,-4.0676512168896135,3
676,9.635379816122306,-0.5349233660980602,7.1413249509995005,2
677,7.415826173412402,1.8868501492867347,-2.883558443932926,0
678,4.668481785187803,-10.377586012032502,-4.2507974037446985,3
679,4.764376269627061,0.734658374560059,9.571751394441433,2
680,12.213576250930519,-1.707265720201344,10.040885323923234,2
681,8.661752900152639,1.813505810369439,0.9587858032695813,0
682,5.926836469065291,-2.1577468266355564,7.049335399995326,2
683,-5.332739879695415,-7.686300072666072,-5.217146951553901,4
684,6.536223300794525,1.2460420920302935,-2.915090053018783,0
685,-3.1118822597048097,-8.719277689744173,-4.416091214800209,4
686,-4.712044541922483,5.206438830560949,-7.1549230392319485,1
687,-3.652644020173838,-9.425717738773047,-4.234513359720374,4
688,-6.521973389515264,4.701428096184982,-7.618214059078316,1
689,1.0193554794349207,-7.363820694051108,-6.4527527384845,3
690,4.596784093713499,5.844351855052314,-1.5434715510451893,0
691,6.685427484172407,0.2072538239694054,5.907106055741899,2
692,-5.845557469143272,1.7985640042622997,-10.449581860842741,1
693,8.079788008292097,-1.770569121574841,9.079318761374255,2
694,1.6452740814246933,-5.014101515366205,-8.204693454099992,3
695,-4.214095758194168,-6.830968547863137,-3.6809986877232523,4
696,7.799627705901302,-0.4488350021678862,6.733119124879943,2
697,-3.1313378784639943,4.666699943552445,-8.815716991423516,1
698,8.57316268718832,-2.3587801033808535,10.514263262421311,2
699,5.903455963219193,4.054678474943619,-2.9536396474950273,0
700,-5.778061995016191,3.327413067443789,-7.27156570100721,1
701,-4.547273753875559,-11.74499115356768,-3.1404144824030285,4
702,8.214627526298697,-1.570928676023318,11.23885427533899,2
703,8.001348034892596,3.647099228937441,-3.564957479667693,0
704,3.2467384465692746,-7.834627239662149,-7.218460110865827,3
705,1.7304939790648082,-7.612727725123448,-6.307649698361424,3
706,-3.406396610922201,-8.318613093960735,-4.953444698094092,4
707,10.418881669412707,-0.3824555627051289,6.573392543547875,2
708,2.3829944211955767,-9.542741320254784,-3.470189537349259,3
709,-6.042448765815583,5.716550041261971,-8.72800722909858,1
710,11.079814735174137,-0.6893575179523662,8.913291493013423,2
711,-5.2859732579349075,4.221397444113159,-7.962396917307731,1
712,2.524886005073086,-5.537115034156886,-7.04087313579188,3
713,8.755641815931808,-2.4618715438184067,8.796850117514152,2
714,7.316224881922286,1.7071703181015887,-0.46905866960190545,0
715,-3.903713524652231,-7.791165219965105,-4.23060964020351,4
716,10.247271196501275,-1.0246956173971848,9.258840948486688,2
717,7.458160509977232,0.6579721695257283,8.936801296667705,2
718,11.494800506087572,1.0498200684077583,6.451770839830897,2
719,-3.8922518214487494,5.074613683065213,-8.643529841153173,1
720,7.016953825896196,-0.12268671981290025,9.22519728321368,2
721,3.2787366801396733,-4.869530274695766,-7.829154539938565,3
722,8.78268871700451,0.567557238855315,8.333054314436101,2
723,4.9334958758614835,1.273011396723519,5.877735318845655,2
724,11.050516094157917,-1.8156647877682615,8.196320974325614,2
725,1.6115862976487854,-9.854921107931279,-3.4058964950168047,3
726,-5.156637345892247,3.1691989747772045,-5.194454311161796,1
727,3.202423817838821,-8.21322026661099,-2.278223661048459,3
728,10.759850752615758,-0.26210725643917004,5.972797064530133,2
729,8.575519201460775,-0.07837270466351298,8.711116682768662,2
730,9.608265896283415,0.3873395382207683,4.693261094460353,2
731,-4.631736662734719,-8.6258238021331,-5.535698906906594,4
732,-3.564841091775933,-8.239253678994354,-4.486811595148224,4
733,9.124330504878928,1.0610333151377271,-4.56067013798815,0
734,-4.116085458441516,-9.23246216395754,-4.590142268873564,4
735,6.518593001339305,3.1290692398128375,1.5498163537002227,0
736,0.34311366271390487,-7.113064533525959,-3.393748881551198,3
737,2.8386175802154545,-7.4406212563989405,-4.932332621382349,3
738,9.059717255689543,0.017843195238787635,7.602194666389694,2
739,8.115007568630588,-1.5392969112302222,7.7640223667083825,2
740,-5.150957478744104,3.1889714382440535,-10.861464376333943,1
741,8.560380277274488,1.8367256162702288,-2.3686999941568043,0
742,7.6179549198112975,1.4888319490089592,0.30365233852998186,0
743,-1.6951017767223493,-7.784115391168362,-0.8241436891982881,4
744,1.8648137337554633,-4.840283512108803,-5.498586078167192,3
745,8.668552223823392,0.1231272005577353,6.802026303836225,2
746,0.21683334962834344,-6.126265795839373,-7.03355265347892,3
747,6.765817513022103,0.7516143674241995,7.567971613886902,2
748,-5.868231446349067,5.031963999505312,-8.560794459746445,1
749,8.998235203269768,-1.270752904359511,7.0391958704852655,2
750,10.863042434447951,-1.4870162757092025,9.871224403942215,2
751,-7.274128738474687,3.3482392472251146,-8.978866568828348,1
752,-0.6071684309995709,-9.611448204058325,-3.0865876593351356,3
753,8.012531901918885,1.1083811326197792,10.266870011968779,2
754,2.1352998676329342,-8.230266773877092,-7.197631891703882,3
755,10.284844987645052,-1.5271957173157213,8.113967009465894,2
756,5.051097529730819,2.465011224881926,0.27175612385192416,0
757,8.98899148029694,0.03782832243932266,9.681427814352334,2
758,5.1414267602373265,-0.9793093276509695,7.976834370806843,2
759,-1.9086171912654004,-10.6842751599367,-5.340904440344559,4
760,5.7514240610853395,3.103766466368217,-1.4353111165233974,0
761,6.3211525435749785,1.876088603921048,-1.2416760044087396,0
762,8.259174389161446,-2.5746123158995737,8.122758717244395,2
763,-5.12545013919479,5.639627429990359,-9.02436288557887,1
764,9.220818714950113,-0.6615190211417443,8.889949265343525,2
765,7.676841929797,3.275290533038307,-0.5981297143998767,0
766,-3.1773769533741447,-8.691838962694407,-4.018985981365155,4
767,-3.884744755806072,-4.514165956110026,-4.95789227938004,4
768,-6.5950532280563685,4.2165442083049065,-10.070965055866358,1
769,6.631623315345076,2.011373764452349,-2.013363427618035,0
770,1.7703216209069534,-5.4732675082261375,-9.64534413954433,3
771,9.388544430313091,-0.3653521844841752,9.91240258550989,2
772,7.966764494059988,1.788129241591511,-1.143958204056725,0
773,-2.561533651847504,-8.77944288095081,-4.449932668949822,4
774,9.053539097018136,2.355595597719648,11.492493222183652,2
775,8.806139656753205,0.7800553980771099,8.008675442582627,2
776,3.545538910316745,-10.222821847990664,-6.530046174453883,3
777,-7.124582612143131,4.279463135770866,-8.65320985242967,1
778,11.103773497815634,-0.6661912395159707,8.873648782292992,2
779,8.176248203848663,2.3245088168795416,-0.893787850217762,0
780,8.631158919559066,-3.3910067814061455,6.988540887699869,2
781,2.694156189181006,-6.075820554206132,-5.690389358289234,3
782,-5.0705412385903985,3.2122555884523063,-9.405097032947822,1
783,7.822252050101143,-1.2859996285061162,7.097741403958147,2
784,-5.14531973625063,5.932310189278535,-9.650897389952036,1
785,7.158156045586551,-0.019158519641310434,4.837295050215144,2
786,9.318417072343077,-3.2638901632934307,9.976407116996224,2
787,2.832342197959723,-7.405297485440373,-6.237464571837201,3
788,7.289267848525619,2.6431827346939283,-3.8781752675044805,0
789,-1.9635807752511198,-6.928473096369229,-5.154527825226188,4
790,-1.443979532653226,-9.594117740021515,-4.228362576779367,4
791,-5.7978575655995135,3.9084624164584016,-7.9058355161594855,1
792,5.775668607184321,0.71181728220216,0.8828557343932579,0
793,-0.47197641695288617,-9.985220870189865,-4.148723271808236,4
794,-4.667807573235857,3.9895500205479775,-6.743112505613798,1
795,-3.915855421948346,-10.087151338374472,-2.9693392335983213,4
796,9.311340088894223,7.202396458712105,-0.9492542713022152,0
797,9.869196708196796,-2.1933164078096645,6.218685251104746,2
798,8.778505997213664,-1.53844598926085,8.559369320882878,2
799,0.9133123526111067,-8.534167744454427,-5.570018601399212,3
800,-1.6543816609147592,-6.911128504916929,-6.4206486554594795,4
801,-5.595035637824498,3.91152598860292,-4.7874135715745005,1
802,2.0569896314480545,-7.7549481145217225,-4.710808080817168,3
803,-6.340754645207276,-8.995096538081036,-4.278893998014906,4
804,6.687877985852639,3.5239848947236565,-1.8905425038367398,0
805,-3.3964074365746404,-10.51606579861783,-4.5776587433221705,4
806,-4.611310745976282,-9.641371320777997,-4.30730758990507,4
807,-5.194411087157183,3.8130879539946965,-10.148636764128884,1
808,-2.5128661123048905,-10.581176554201447,-2.943338606963776,4
809,4.011674939597215,-7.91444170101724,-8.169665352592297,3
810,1.107711675513964,-8.154324921258123,-5.260191379504254,3
811,-5.455301606811474,2.050124224812127,-8.080724511581352,1
812,-2.4876420283863596,-9.316361918557444,-3.651447498517032,4
813,-2.7245588699550627,-7.808092143555842,-2.6730588310286745,4
814,5.27916726568896,-1.76704127631179,9.512663048164308,2
815,4.6674168073769735,-7.799256812629249,-5.116537175922369,3
816,1.3660743755708409,-4.033786156749581,-6.121072683324707,3
817,-2.651928982316216,-7.6399731260640795,-4.947774566139022,4
818,8.943621491190223,0.5989793789451259,-1.9165350244589583,0
819,2.1255357274778444,-6.498845255958265,-6.729766734791145,3
820,9.287530830387636,0.10435710230815687,-0.9087243497336936,0
821,2.4983843842844227,-9.546240537965678,-6.048843981567833,3
822,-2.431992878834556,-9.861819689731972,-5.013305792567707,4
823,5.566258993271146,3.286314074731549,-3.0988410474229147,0
824,10.336335289217176,3.9665353961500083,-0.8366774794530478,0
825,8.955762307310179,0.9113891750411294,12.454303055047248,2
826,11.14571626211988,-2.7310329125429975,6.425162797227255,2
827,9.606798056160484,1.485392001594747,8.388281149311329,2
828,-6.242444158522302,4.113360343788647,-7.941289077448837,1
829,-5.192172258921097,2.9949907541253866,-8.541989139836168,1
830,7.276117150328389,1.660826588909884,0.034351249186582056,0
831,0.9882375351450758,-7.275593565083746,-6.890931134872538,3
832,8.094746872171129,2.7087558456132754,-0.4162561248215111,0
833,-1.832707150293864,-7.802952721336681,-6.32374660623103,4
834,-5.038694942746103,-7.720618936800952,-5.170637850629254,4
835,-7.6599171925916405,5.341906330344304,-7.744555604760424,1
836,-0.4883719926966652,-6.259672814293981,-5.4386640859772735,3
837,7.450360853689613,3.5819182188910785,-0.3736342106143159,0
838,-0.10384815364736921,-6.822473220450598,-7.725644712413008,3
839,-2.436536875587053,-8.11102662007961,-4.317941524673241,4
840,-5.370791387689533,-6.308568943747016,-7.744524698291745,4
841,9.228497798017274,1.0858261130133071,9.581650950058616,2
842,6.4520592769252305,-0.49809156015505524,9.815686535595093,2
843,6.438060342114612,2.41124243448645,1.3395644548848047,0
844,4.603545389695062,1.9170555610255482,-1.6915738897506738,0
845,-2.587390179890151,-8.056384419597116,-5.9768390698826686,4
846,0.7839364827134188,-9.459987321871186,-3.301175247017797,3
847,-4.062594940594347,-9.431691268499877,-5.062683316148008,4
848,10.662892143424267,1.9025806203896702,-1.507044171244514,0
849,-7.530031884961539,4.868951891555152,-10.253475876589075,1
850,-7.203165953878876,4.732230860183872,-7.868039322730662,1
851,-7.706334274394539,7.234195234998533,-9.699992773545134,1
852,-7.076529783152804,6.952798089001506,-5.738450458839678,1
853,9.471230530814926,1.6855634199350753,6.631163721110154,2
854,8.01804991331877,1.1190874617070143,1.2682696959053508,0
855,-5.753446861722924,-9.109286309716898,-6.3387699912384825,4
856,7.994869759512552,1.8892538210685308,-1.1727132409081642,0
857,7.910354714795459,0.8750113575970264,0.13045931699561275,0
858,-2.7415963748655168,-11.328037537915243,-3.39555749613834,4
859,8.54161533281073,-0.1589890338362463,-2.8401508867129297,0
860,8.46146272197168,3.1864050949036233,-0.021205967287051042,0
861,-4.402458513761437,-10.395516754200626,-5.374716003248934,4
862,9.374206671716586,0.6705866991743386,7.3699289640521375,2
863,2.549906742255634,-8.564425224132421,-6.735900457828037,3
864,10.21846212962331,3.010954887538843,-3.5719646825322666,0
865,-5.061551417463136,5.602709572764702,-7.298308082479764,1
866,5.495212312680749,0.2346228818315348,-2.0041502765334815,0
867,-1.8960017019341695,-6.994582314409093,-4.732574206225088,4
868,11.120332017142928,-1.3445573841189584,8.93681462921569,2
869,-5.054151581325206,1.798709253144677,-7.563082020969073,1
870,2.675590934603524,-8.313104156916323,-6.454079344733285,3
871,-7.263162173505272,5.221020817008883,-9.024278823001827,1
872,-3.3706808980710337,-11.415297403008136,-4.389391559182589,4
873,-5.47313518407893,-8.702921362814456,-4.83343648096642,4
874,-6.137862253984343,0.8126998544345954,-7.815927497445177,1
875,8.732814816367808,1.9333784777003176,-1.3020014447924222,0
876,12.589272555197816,-1.6564428333283368,6.454926144909474,2
877,7.831236471954153,1.8793315968557653,-2.612975119295421,0
878,10.805107968959472,-0.10702137301641179,5.9220204816238855,2
879,6.114087113830363,-0.10211195160689979,-0.5366804555358198,0
880,-7.977706928192175,4.636483675002177,-7.0585656237755545,1
881,2.815202002565327,-7.6191083958508425,-6.876862146891275,3
882,7.634452070802338,1.9396784263119513,-1.2881994849569973,0
883,1.2152209605475248,-9.578160122664052,-5.546871252922318,3
884,-5.612480885847059,-8.58784403876853,-4.481798501999143,4
885,-2.1822586921751332,-10.562224214387495,-6.34584936602379,4
886,-4.6160712342086185,-8.522750092216114,-5.856788231079609,4
887,7.1492608960073,1.5357277701881489,-4.710977318673271,0
888,-3.489394220161106,-8.455863968159,-5.8319048089398855,4
889,7.69887849418523,1.7712374669146458,7.452138434911356,2
890,-5.109064946249598,2.342849287456196,-10.129521505139587,1
891,-6.341633482536955,4.590534358482287,-10.039494200140018,1
892,3.630556424494016,-9.39466444686611,-6.008857202544113,3
893,7.4013133593334,2.0116692028387764,-3.0292490338868894,0
894,3.5481289979244455,-0.5667407121880488,10.804609702845324,2
895,-5.303070151762217,-7.679143715536613,-4.194937376718107,4
896,10.056946147636307,1.2266826868947132,8.586036985885118,2
897,5.75599026029782,2.138145553456972,0.9696543063899585,0
898,3.1559117801977,-5.018477781509953,-5.229717237907891,3
899,8.893386409951644,4.000356046569123,-1.4219260978188017,0
900,-4.864394905077854,-11.468187258094426,-3.023845987739618,4
901,8.181060608286712,1.130098704172081,8.065308540534264,2
902,7.381082532775503,-0.9014532445739625,7.560298413830681,2
903,9.363510348308143,-2.4541456614295507,8.280604968513414,2
904,0.5133245945459088,-7.3983790775797935,-4.837446403504935,3
905,9.421289209779605,-0.13789624851440435,6.843742923671697,2
906,-8.7108308713332,3.4248994747567973,-12.12747133385854,1
907,2.205988862660749,-9.554832847873984,-5.094046826325685,3
908,2.6926308226453894,-10.332115596952216,-3.7040146753981,3
909,-5.872891403015675,5.600506062570052,-6.841262535809122,1
910,7.316880261331754,-0.08442885942261869,9.138332175632005,2
911,6.912501363841352,6.0361782849326175,-0.8901295054405785,0
912,9.663590198444838,-3.1895300561348607,9.294744920674342,2
913,-5.506343224354987,2.3284843817763243,-8.619469800909327,1
914,4.3699612233211225,-10.045033622609928,-6.780890982379658,3
915,-6.330282620457947,5.481249093180887,-7.09214392458744,1
916,1.7206701194832972,-4.71438952032124,-3.467328971550604,3
917,-7.233468764810424,4.371025421113351,-8.990066582565857,1
918,1.6935368391280594,-8.673115527722821,-6.410144098255877,3
919,-5.329208308981967,-9.986720846641798,-5.56975214200937,4
920,-2.230921042769377,5.838098399915674,-10.057857103744398,1
921,10.657613640766233,-1.396648594025978,7.913738840491445,2
922,8.790657841802314,-0.6951757521698976,6.54184501054647,2
923,0.6137678075982282,-6.150365227834307,-4.604609192465785,3
924,-6.142980234769309,5.230662920457486,-10.991961895855601,1
925,-6.978511371241492,-5.5704945345148715,-3.8879245464516234,4
926,-3.033028816383613,-6.010955784970758,-4.80706735422172,4
927,-4.953092406550091,-6.111892533312223,-3.7433447596113485,4
928,-6.417125902485395,4.121201999682912,-6.157625067488324,1
929,6.436391496431979,2.1162580961071216,0.8917915446496321,0
930,2.45199016731113,-7.431494216979538,-4.107604045516791,3
931,0.39238062593106804,-8.220431462378558,-6.126923438307431,3
932,8.855360834466666,2.574951696092445,-3.047776447801824,0
933,3.189090748781475,-6.621191910595311,-4.837714861984097,3
934,-4.132886830002143,4.082834187699025,-9.152805884365936,1
935,8.298095032222289,0.8801265256459876,-0.0768619314072092,0
936,-7.049005695005463,3.4592079448969466,-8.753701566251351,1
937,-3.191505648341452,-7.775424101078512,-3.2384255481356696,4
938,-0.5453624790385181,-11.589393142949273,-2.667860817617237,4
939,9.065584111046435,0.5570154330124761,10.02249710193489,2
940,-4.606470311096442,-7.092671920123054,-3.7985228558108517,4
941,10.067880560851911,0.4425133848784526,8.196290748219031,2
942,-3.2934376391360782,-6.13125319216411,-7.074623422625036,4
943,-6.3628735916946635,4.458438672246502,-6.726667747974935,1
944,8.99459577650066,-0.5373979777492038,9.784710193010262,2
945,7.961654443840468,-2.8550626672618318,6.994290986202832,2
946,9.538676429059834,0.8635536823316523,10.043353283071305,2
947,6.378847839070415,1.373061355075841,7.314982605837832,2
948,-3.5080366099558917,4.762858143441172,-6.079290371343247,1
949,10.682930521505783,1.802861792455548,2.3710574976410372,0
950,-4.218150068371431,-7.532630589309592,-0.916298915704151,4
951,-4.224159417989686,-7.740827482197153,-4.219611958363235,4
952,-4.849758459136152,-8.867766789540534,-5.715512654922641,4
953,1.8856704997058087,-9.968250552613883,-6.374904898848883,3
954,-1.74619961968435,-9.375605109127877,-3.1181704680228544,4
955,-3.6408826389496958,-7.452483162501441,-5.468224743669227,4
956,8.112555276454943,1.5411051741954584,-1.5530737303822244,0
957,-5.644627082359348,4.830566571727489,-7.995944860086905,1
958,8.878689543637387,-1.3451046463150798,7.5306542974643875,2
959,10.453337511811334,1.5301168621631454,6.531862645547388,2
960,-4.260862596144875,2.448768094660048,-8.836014088043326,1
961,-2.6671545119281967,-4.889970608733737,-4.590888636661605,4
962,3.2852098618492827,-5.677790677528116,-3.6156946510521113,3
963,5.273104854603224,0.08856585046180498,-0.7882345241990817,0
964,5.344969431870539,-5.980660665507777,-5.275503766247348,3
965,8.448242050873427,1.0528594440774008,7.014677902109121,2
966,7.7925323351696045,0.06300653609970452,6.662978018836083,2
967,-3.1072332378968803,-7.705892612604072,-7.094554250583544,4
968,-7.115364016604949,3.782636741586927,-8.064624777892785,1
969,-5.229165333729738,-8.842013267879178,-6.7614695711172335,4
970,1.384349072760379,-5.308728367405115,-3.3232725439620316,3
971,7.717541292223881,1.5947195415376916,2.906644131419995,0
972,7.902239680263993,0.06257853133713365,8.513008085849833,2
973,-4.936908463881843,3.920480343393141,-8.560511905335817,1
974,7.03542024296106,-1.4438929038204864,7.950243636521374,2
975,6.948908942601524,2.271319162478986,-2.1796975560322185,0
976,7.212871576636547,2.4916503194542736,9.012959208756943,2
977,2.9606634464541397,-8.08737428256464,-4.921418831925976,3
978,-3.0334606589001925,-8.807639969596831,-3.882819432373464,4
979,9.188169547928876,0.26714172867969976,1.0947674566063026,0
980,6.989106560677191,1.2554077393721332,-3.3925022723098035,0
981,6.102980847771706,0.07665144530422507,-0.7988568397063234,0
982,2.3590523614035765,-4.746266706230955,-6.5498752396536775,3
983,2.8113032028158464,-5.415291699179274,-5.862307800562021,3
984,9.41601538448667,1.009975105125104,-0.57060373381822,0
985,-5.164140073526999,3.013146968908778,-8.41655666842208,1
986,-5.870035004255565,2.583004066120088,-8.43647095163025,1
987,-4.799336890092668,2.823976200789446,-8.259927569756458,1
988,9.147665663156504,0.5956983986426962,7.5066992190736235,2
989,-4.367049563445683,-8.847625725588943,-3.557122028636283,4
990,1.8630708400275537,-9.875291272150566,-3.459428947308223,3
991,4.923008002711786,2.5056783153796163,-3.5291854165905763,0
992,4.008522373802924,-6.95407746265688,-5.079196846880655,3
993,-4.2178245876605525,2.627899323163565,-8.66975741713178,1
994,3.2941982227164632,-12.45053360807323,-5.866009431656113,3
995,2.9207958265878333,-9.272181431137662,-2.2605638476423264,3
996,3.161191547177079,-10.008043780420214,-7.640685198656618,3
997,10.167206097963748,-1.0596452990709813,9.797622129459043,2
998,-1.7804706437469258,-8.915126315102034,-2.855832094455509,4
999,6.872890022869893,0.6717431661076978,-0.9225282057348523,0
1000,-4.874495337399636,2.626181406379235,-8.621443057581141,1
1001,8.007585223785366,-2.1040788370390113,5.357490332968231,2
1002,-4.542334829889062,-9.773188281823687,-4.707752195754377,4
1003,5.914685149190307,-1.2536417615625695,-2.6493909574333845,0
1004,7.136929982677173,-1.0304880807726278,-1.1574522151894477,0
1005,6.956963749720904,1.1554205320774478,-1.3737879026737043,0
1006,9.509067481895656,-2.4222187160089916,9.72777545484529,2
1007,-4.260832692609641,-9.785089546395989,-6.305161010454036,4
1008,-6.975413279716378,2.3404560493636355,-7.454830146959889,1
1009,7.446611197743137,3.8062521760521393,-2.54033414359376,0
1010,-2.278058406140598,2.778864151514939,-7.414861883381162,1
1011,-4.509880943644247,-12.2473845624355,-3.1929267868617894,4
1012,8.965541555395601,-0.5852199191641794,-0.2872456205141962,0
1013,-5.19579142900379,-9.30600771216647,-5.874237715194976,4
1014,-0.5570549557754814,-9.23661880589475,-5.229007780416499,4
1015,-7.706628760041163,-8.521090844117484,-5.346071850027525,4
1016,2.4919345431586737,-7.724790915545268,-3.680479785819205,3
1017,-4.390294891400991,-10.610256898137184,-5.474641581777839,4
1018,9.751140852954464,-0.3150875274646481,11.881112994844324,2
1019,1.7216215426719645,-8.22551176031283,-5.326015978728933,3
1020,2.7522789390199103,-7.427567054352789,-4.832802029834858,3
1021,7.377562406229621,-3.5884857844654077,10.126667245715245,2
1022,6.649805546563262,-0.8850508461233202,8.65740286538176,2
1023,6.501701894125417,3.492589882526559,-1.307922322682253,0
1024,-4.006716687825867,-9.578147700706221,-4.907666309504523,4
1025,-3.7366930062772044,-9.081959882349205,-2.290777745106715,4
1026,9.727526865977087,0.7953671549462107,0.19698242507974673,0
1027,-3.194625080260184,-9.535579869467163,-5.182650561275293,4
1028,-6.217108524454441,5.626158167999161,-7.042988099243328,1
1029,10.717561894983861,1.4712202024610819,8.50696023103565,2
1030,8.335444310366402,-0.7055371607987581,7.79354661868708,2
1031,11.734810905405848,-1.3416504730458396,6.521499732905684,2
1032,8.909386857474601,1.5773601298320505,-1.177132109602718,0
1033,-5.719894295253314,3.969161494236849,-9.041539585246,1
1034,-2.50528425916079,-9.345820535957618,-3.7622941509262056,4
1035,0.474334004766336,-9.849857875947613,-5.887306256965264,3
1036,7.796183062211085,0.6163420831776167,9.049130891054727,2
1037,9.870713743406426,3.1828016933618057,-1.351368725864774,0
1038,-5.002720709700024,-8.819788138015337,-4.482269175112539,4
1039,-0.21769670343554237,-8.304943030607475,-6.388124887753925,4
1040,7.133141953416562,3.094141439191665,-0.396566158270797,0
1041,1.662064779832136,-8.601958161606884,-5.961566387360463,3
1042,8.036598535094555,0.6344232255207942,-0.6774106045728995,0
1043,-6.976205979297135,-7.505444473263518,-6.475553627577652,4
1044,2.8686474712707692,-7.224558091645125,-3.528332620377312,3
1045,10.782275579088992,-0.545294613045529,9.635935743647206,2
1046,8.855296056347505,1.1728643517066393,-2.738215032608027,0
1047,1.143900738073614,-7.522256402990491,-7.151335916321912,3
1048,1.161587988052894,-8.293763988309637,-7.221554494023312,3
1049,2.1321665453320278,-10.42045424877772,-8.35914545270445,3
1050,6.720012472263289,0.052795804600061835,-2.1142306798660284,0
1051,8.497527446045229,2.123398938524599,-0.06347683244217373,0
1052,7.338563842553028,2.903874079744486,-4.215805631703038,0
1053,-5.990392878767125,4.898248230257085,-8.78126770509759,1
1054,7.698774677284287,0.3085552176609019,8.772990841599025,2
1055,-4.795889650311233,-9.871819429698418,-3.932536386702693,4
1056,-7.811157044311633,5.3188355337371505,-8.807465869257499,1
1057,-5.546740560511855,-7.2814278372611385,-7.819504361219738,4
1058,-7.740307890895765,2.2832533570403157,-8.884621621679038,1
1059,-5.342970340253341,-6.697405489316994,-6.468947055932128,4
1060,-2.308434177111786,-7.275703171528123,-1.9410636297200985,4
1061,0.28742272779886857,-7.402239625536226,-7.6258882847915865,3
1062,8.252118807841581,-1.5394822639353942,8.898742927894723,2
1063,-7.450972117100932,2.907652341712581,-8.644151548781807,1
1064,5.737612639442705,-5.753438705402963,-6.871193098097365,3
1065,7.227862594285371,-0.272527393350033,5.3144171252988315,2
1066,7.040703855570248,1.4975752195970389,0.8766448706397121,0
1067,3.3189595395475395,-5.787936528919194,-4.845066731935633,3
1068,-6.6260514592201165,6.777652157684649,-10.19320707419357,1
1069,5.29388185218688,-2.969510579808688,9.64913488363637,2
1070,-3.04283711200687,2.486638702844351,-9.79624914428309,1
1071,7.127737940451177,3.556057036597653,-1.3919822169381855,0
1072,1.0467270371681976,-7.824219163472743,-6.819504158353565,3
1073,8.531285988514073,-0.730943104702472,8.551078357652745,2
1074,3.199122090453549,-7.93104739551452,-6.282152581451632,3
1075,-5.1483720248866245,4.71636075499708,-8.775208092030368,1
1076,1.764465746712617,-8.909106832193059,-5.666563460506356,3
1077,8.085702081356644,1.3298024760452316,-2.2862518978208035,0
1078,2.447926810118783,-7.727172636865037,-6.810547167898447,3
1079,7.6851514657359665,-0.6284267561063602,8.759199886711187,2
1080,5.693545844184287,1.4093433726467401,-0.1093939820954879,0
1081,9.08762443437691,2.743285241872104,2.195222297247441,0
1082,-3.4594379655576146,4.92968304109796,-10.62441391674351,1
1083,-6.239935609220902,-10.358755700786965,-3.24178457340322,4
1084,7.915076492629177,-3.7950002011833215,9.758715649694881,2
1085,8.467870488485245,1.8785325918816713,-1.4581069407520493,0
1086,8.152520568496012,4.065162976804487,-0.5078078062021365,0
1087,9.733920287777398,5.769165442215336,-1.1847679563026459,0
1088,-5.646781986018988,6.199656335282569,-8.315652261381066,1
1089,-6.899808454898498,3.9129870974288536,-9.381460950687407,1
1090,9.904065327158339,-3.041417570182638,7.260086221554769,2
1091,-4.311665815025634,-9.311694371241032,-4.446497933144803,4
1092,6.398527402355361,1.9362289937036916,9.512060735673877,2
1093,2.6925125708629047,-9.373523286896877,-4.619199801195016,3
1094,2.0339153299866446,-8.299398510526943,-2.735885063750713,3
1095,-5.8366267747656595,4.163119635773468,-9.012204325606827,1
1096,7.837574555976596,3.478765714688125,-3.7543552499205237,0
1097,-1.130890616000332,-8.561137567340536,-4.5896615584990545,4
1098,-3.494014222317719,-8.761385231299851,-4.635225169161382,4
1099,8.49576947284462,0.7222067545921991,0.5283904830664761,0
1100,10.646268620198052,-2.658423249955717,11.892055244146297,2
1101,10.873283526929221,2.597421757923783,9.043099667853447,2
1102,10.665903065497723,3.7963765452987683,-0.9939656537561311,0
1103,8.237189396062288,2.421956978187485,-3.379820463221183,0
1104,-4.477357272515187,4.887098735811004,-6.151104709248388,1
1105,9.018134308717569,4.160367321108284,-1.9301075016878735,0
1106,6.52158145020789,2.3958463746165366,-3.8227760100694335,0
1107,8.68870108327364,-2.050344787819048,11.164442965486993,2
1108,0.3172172134361926,-7.291482328881088,-6.31350793517423,3
1109,7.221783291947645,-0.147415445336312,10.372942098888217,2
1110,8.454061138083489,-0.25380195049798004,-1.8513789627265729,0
1111,-0.7913411134780723,-6.795491606751969,-5.081504510490205,3
1112,-2.8703108722696755,-8.153053934330204,-4.992400216659364,4
1113,6.4076387539056725,2.811004697295844,-4.262664971595083,0
1114,-5.756768248763242,5.910462044649245,-8.669079974132556,1
1115,1.3240450965914856,-8.93751245742892,-4.497797209128889,3
1116,8.367294483628342,3.5627282729263445,-2.7330556092631646,0
1117,6.326426763881802,2.0584631489548033,-1.6591233629838056,0
1118,8.335144362039095,4.123860029070086,0.24813834852440664,0
1119,-6.7725408873335455,2.9732489071293733,-8.104052077370916,1
1120,9.210691061042713,2.094301412232097,-2.24212810279708,0
1121,-5.843749503262644,4.586644474911572,-6.482134996379597,1
1122,7.667002968231424,4.601693934554973,0.45630693141846823,0
1123,-7.109824386163478,4.889640999205262,-9.22050337364156,1
1124,7.399043935619321,2.3731604117543705,0.39364061152894236,0
1125,8.317813854033375,0.3594006717778877,10.245625574068182,2
1126,9.937154592000017,4.311513838346085,-1.3424189956175272,0
1127,2.258226104094397,-6.812469549635162,-3.9527056183562834,3
1128,-6.723017540296454,5.0001776591194576,-10.535193481150623,1
1129,-1.2644825276206966,-9.524319454952293,-3.283644960781939,4
1130,8.424218968053799,0.37858307391246093,9.947571738951552,2
1131,1.4898759717866334,-6.834809421200495,-6.716887917406275,3
1132,8.06051411190082,0.19722249091028332,7.619844234383086,2
1133,5.779266423458101,-6.202291552481815,-4.409516899987499,3
1134,1.2849190105871429,-8.008528650793103,-8.529158150148476,3
1135,-6.035935812105509,1.8303708391028946,-7.75832531892929,1
1136,-5.3897222203903175,4.3684619137442535,-8.84646131518338,1
1137,5.788129818142533,1.0980533145242135,-5.209240455183471,0
1138,2.8498654773180387,-5.684468479692862,-5.133588216999974,3
1139,-1.4841040250452422,-6.4519258244910365,-7.054667767788192,4
1140,9.970627853818208,-0.03233334227041473,8.607937338624767,2
1141,-3.317359673456868,2.6295469635026754,-9.08310043981891,1
1142,8.386885505916066,0.08865826683409639,5.765799308536538,2
1143,-4.406342958788705,-7.25615144462815,-6.5571328275226515,4
1144,-1.490990270959018,-10.747422663771387,-6.174847519629147,3
1145,2.005602037385342,-8.916856408831283,-4.769827912122094,3
1146,8.241843358400134,2.8212410748591576,11.47077158402995,2
1147,-5.610150278120113,6.092739428267911,-7.826316307207604,1
1148,2.837867907495123,-9.516522973466493,-5.819810541837272,3
1149,-1.9854932491256676,-9.455013984641328,-3.922515618628985,4
1150,-3.7543943038984464,-7.06321064163782,-6.735469601311221,4
1151,4.624971105651369,-7.661231388845711,-5.406901623199998,3
1152,8.473980134439131,-0.12543382180298235,7.328206099892854,2
1153,-4.646462095740478,-7.592219193661901,-4.818107670662671,4
1154,-5.698430668550587,2.4625406934005802,-6.151870023062509,1
1155,8.322750082133885,-1.3189371613045189,7.053338196361838,2
1156,-3.302960852147846,-8.55394914572232,-3.9086612287596183,4
1157,-7.909796527443587,6.065006694283481,-10.991787201024689,1
1158,8.356792918753001,0.14836778185434474,8.232635594975298,2
1159,7.953872192695804,1.0268000838093934,-0.4035970629795044,0
1160,2.6156076881746277,-8.40388025513122,-4.44144830934762,3
1161,2.4959081057957473,-8.159380271461846,-6.74786100784761,3
1162,-3.5973939711916336,-9.29005490404464,-5.427157251846974,4
1163,-7.035544423257247,2.6988700560635763,-7.070290248466125,1
1164,10.179280168470077,-0.9341376533215013,8.199007486717504,2
1165,1.8508792909166032,-9.713975501284434,-4.2321476816622745,3
1166,-3.6608702730859335,-10.845908703577866,-4.811834031646883,4
1167,6.458093633116783,2.43264223209797,-0.1317948607575261,0
1168,-4.180606026270734,-8.624867546507684,-6.906737586422236,4
1169,-6.972466127110856,2.973413258462827,-8.99988744710129,1
1170,-5.092864686651086,4.090399982711148,-11.02596200274186,1
1171,8.273380130057806,-1.787545492538488,9.78634116454256,2
1172,9.442613737858235,-1.9827697214426037,9.544759113128928,2
1173,-6.222907022913532,-6.4142141113609,-6.273058501712153,4
1174,11.463342928232848,2.9366559194441635,8.083027923977182,2
1175,8.72093443812093,1.9401673685749445,0.018242633724364188,0
1176,-4.868199843204187,-11.164366344485034,-5.920488208337364,4
1177,6.73275050994352,2.531167190282095,1.0871949924191435,0
1178,3.667340561683859,-9.519928515358522,-4.8981654207200584,3
1179,-5.91783278665782,5.379262051092228,-8.805798011837771,1
1180,-7.349716852962748,-11.086919212608942,-2.6370903064816233,4
1181,-1.5799624864324056,-12.084868946590914,-5.2829159070694915,4
1182,8.37865282267662,1.4108204764949446,-4.288163063187026,0
1183,-3.5973556706794447,-9.354163637641976,-4.383075711255499,4
1184,7.795878657124705,-3.7300494370288777,6.50122304104891,2
1185,-6.585731922420815,2.9964193616517303,-8.43886168983078,1
1186,6.020851239536265,1.08531426591285,-2.5650587284930535,0
1187,7.231556631888304,4.8720742839893365,-2.415123139578027,0
1188,-5.806098010800468,3.5053702132453712,-9.020032650034867,1
1189,10.259783259150954,3.6553493519640456,-2.966935625343758,0
1190,8.451758409210472,1.2869441559740777,0.24070500716356102,0
1191,-4.971568357188861,6.968461192779275,-7.0096850488797475,1
1192,9.251680164130859,-0.09251672519007414,7.641601530245866,2
1193,7.984031652285849,0.0055206060260726275,8.703272970165324,2
1194,7.207541759263823,2.1255634722297665,1.0220237202489746,0
1195,-5.886041213931246,2.406329102565817,-8.061270650705229,1
1196,-4.842402757957923,-7.302655842235125,-5.0523698412966045,4
1197,9.065662558812859,1.1202227881974054,9.68507919380707,2
1198,0.2587698975050787,-10.550824030063326,-7.678449901822715,3
1199,6.504569003404345,4.18745899170227,-0.14994425041346537,0
1200,5.082864256796581,-4.366388597072725,-5.685571284069385,3
1201,7.648630580258847,1.3802391677802646,1.0529952248051337,0
1202,5.369554293930897,3.423346393292767,-3.9450824476519535,0
1203,8.728224500733614,0.6321228026245014,0.1528284749342077,0
1204,8.475882485587778,-1.648859755260557,9.047748845304591,2
1205,8.228608586179318,-0.780653978597111,7.848587772840296,2
1206,-0.3142799982117994,-7.382727653793453,-5.515603624383375,4
1207,7.136364857398117,4.331158958323668,1.4951552284485725,0
1208,7.065477404854946,2.0000579457631584,-0.7458630307113792,0
1209,6.255489758415909,3.9402313493799004,0.4428779224583397,0
1210,-5.785197896686145,3.837288542630718,-8.120732356925005,1
1211,-1.2611548972531343,6.237036866349707,-6.411443398026731,1
1212,9.639869032664535,0.28087748109737287,9.054117912615672,2
1213,6.718883389782174,-9.009762373932318,-4.785049428179891,3
1214,7.958652418223356,2.9682696486178894,-0.4754903717594541,0
1215,1.982476402814986,-6.50555663055302,-6.524125863747721,3
1216,8.776609693422586,-0.15134123956246215,9.659959582617079,2
1217,5.477717033969728,0.28007610759063173,-0.5592685442653096,0
1218,7.900603910425335,3.430511790418497,0.9451063443457262,0
1219,-3.8030453792374943,-10.732515161016703,-4.428703818869114,4
1220,12.666861567464615,1.1073476246361351,-1.469499727914151,0
1221,-7.846495250849603,4.8110652144126975,-8.236141647477767,1
1222,2.0331294154617723,-7.324190173126292,-4.6216743096807384,3
1223,-5.74045594218418,3.817248422717266,-7.295306912051205,1
1224,0.7185951506475474,-10.143192289705715,-2.539094282915651,3
1225,-1.2915600901118127,-11.278936571657875,-4.110573164096759,4
1226,-4.195783800676263,3.463123101336743,-7.529880200998813,1
1227,8.429389403324182,1.801827048887655,5.808552396604771,2
1228,-4.658012240689904,2.3510994594403987,-6.920427752795531,1
1229,9.056269418400197,-2.505798019845455,9.155620893609195,2
1230,-3.619406756995143,-8.477796812587346,-4.851597249018415,4
1231,7.794897554319739,2.906450287084392,-1.3397620419817895,0
1232,7.624967098099556,1.8288487803064624,-0.963547429070578,0
1233,-0.09243237422540007,-9.260898742791136,-1.7005602930420771,4
1234,6.932005696707147,0.13030206595335836,7.537514469414742,2
1235,-1.9681448329391433,-6.987998837616793,-3.9301815626786807,4
1236,-5.223555912307499,3.1502411227453013,-10.46744194010209,1
1237,0.45926461598540413,-9.192389301661173,-2.7024218068575534,3
1238,5.602408222012159,-7.782657479270549,-6.169179085846077,3
1239,4.606187844704533,-9.318437548479947,-4.65357400406992,3
1240,-4.5563712821961495,5.081670554835847,-10.969628361708597,1
1241,1.0165592319251684,-7.4516610254617435,-6.169941939382772,3
1242,8.564007331759568,4.880314466273344,-1.892170739859319,0
1243,-3.4348184332398493,-11.103341942009592,-5.576347493729729,4
1244,2.8530271953343176,-9.63802044007087,-5.443002374557424,3
1245,6.902931457500495,0.11950959512105341,7.791914541324423,2
1246,2.961422622635005,-9.754989623547168,-6.65912277172535,3
1247,-9.287348941385336,2.9552010578125887,-7.86680324791551,1
1248,-5.336833948866098,-9.2416719660765,-4.8662910511026105,4
1249,7.793385777364546,3.3182878665831383,0.5160328657414484,0
1250,7.02630519669044,0.43445452228671133,-4.0753505530098675,0
1251,7.489433608903074,0.638121041015963,5.501876286178257,2
1252,-3.9253439618138106,-8.196774611976727,-3.438984948626845,4
1253,-6.63764913364888,5.362738819839841,-10.860201259730491,1
1254,6.679358515157327,0.11662014426082512,8.967435557252193,2
1255,-4.863626489952443,-7.490434245693932,-4.064258834795945,4
1256,9.393538373162052,-1.7642452902763794,9.105159926103042,2
1257,9.10543728769746,0.9875253178970724,-1.1192990025422276,0
1258,-5.72128998469619,2.7827423802328113,-8.7861947836087,1
1259,8.51591715525477,0.1284673236402306,8.9105781114783,2
1260,0.8687237405341495,-11.428966720542308,-9.381633291344977,3
1261,-6.322110980691047,5.971199539523273,-8.208364613880526,1
1262,-8.453975673027024,3.52547524634981,-9.762533049567027,1
1263,6.563656350834895,-6.522550866171569,-3.9942458907292595,3
1264,-7.619412725941423,4.104728635016027,-8.34737686759938,1
1265,2.4128872831534363,-8.984906421818721,-7.601448194780758,3
1266,1.7994817731753394,-7.719791191982056,-5.326115086234067,3
1267,0.5037984325413711,-5.764378360882336,-9.318220805533239,3
1268,-5.293489374881263,-7.672361215066405,-4.657718565429844,4
1269,-5.203716396370744,6.856023687740817,-8.582796452635302,1
1270,0.6459904025673084,-8.528837813704945,-3.504609484786641,3
1271,3.3106641105728407,-8.333347114150436,-5.528255611611286,3
1272,9.672980625473144,1.067529277492452,-2.3754841415296486,0
1273,-3.279781472764813,-8.589164161944943,-4.838665959151526,4
1274,9.413071735969126,-0.6860467770810379,1.3930729695617599,0
1275,-5.245664918121315,3.7801492085924275,-9.754522251306675,1
1276,8.680857540938426,-1.3110550311929412,8.259778410105277,2
1277,7.035859052107526,-0.11867171459202841,10.439108348760476,2
1278,9.11224276064345,-2.801617348271162,7.8197239955704685,2
1279,-5.541965447955521,-8.727854010076209,-4.210537081082332,4
1280,6.800411251233516,4.079896953038469,-1.6754414806339297,0
1281,2.9393426364871384,-10.911644397502247,-6.269757414934652,3
1282,5.765971353585448,3.4741788991971214,-2.416202417639612,0
1283,-3.653045681002676,-8.604772229273385,-2.7710557538913334,4
1284,-5.089917351276114,2.1296389411887233,-10.197744159683824,1
1285,4.101575723182897,-9.124991704116454,-6.1082959282807545,3
1286,-4.782757685661899,-11.977420589890471,-5.214467705268979,4
1287,-3.0253561755392675,-10.757397734125806,-5.752069495355784,4
1288,5.651707382694566,3.779504390715789,-1.7578931525950754,0
1289,-3.631404505558313,-9.273301552354827,-2.565697142981284,4
1290,3.544870368943428,-9.343343636193161,-2.792625995617968,3
1291,9.193309284264615,-2.1424914405252062,7.379560497843975,2
1292,3.754747331545056,-10.27001149312835,-3.5793896311418787,3
1293,9.888297527025156,-1.6288501742292865,6.0801575712355405,2
1294,8.88758447722261,1.6782376654201552,0.6048734449765263,0
1295,8.875335360029766,2.1961043833780334,0.13423947614252318,0
1296,7.392184872114031,2.5659780416341396,-0.582933189188002,0
1297,-2.8440147215694873,-8.060307561227159,-5.683483098690555,4
1298,-7.100880643282486,2.0109074637129494,-8.116349020163893,1
1299,-3.224932176390164,-8.976031907621937,-3.911925001269669,4
1300,8.42188015604574,4.479626832167218,0.9295101555098206,0
1301,10.10428156554524,-2.4968775056592407,10.065352424328974,2
1302,-5.8587491745533855,-9.51075771021705,-3.6687192680671568,4
1303,0.6455270859098028,-11.229134490168772,-5.127780051710074,3
1304,-4.619673283981429,-10.587380232526268,-6.5499727879770795,4
1305,8.092149516635331,3.1129463628904492,-3.402217750230731,0
1306,2.3364618177198775,-5.417916886145194,-5.426704745351774,3
1307,10.44968130479991,-0.7339357238120036,10.675341320604124,2
1308,7.312624878615247,0.8154170586596736,7.8597457185572575,2
1309,2.650325806861172,-8.857755553786333,-4.059385725468336,3
1310,6.764582952784884,4.6182023088669135,0.009395606129567913,0
1311,-6.678429016593892,5.616989909310547,-9.791605723099972,1
1312,-4.441235826152919,3.4167751354256084,-10.235284550237258,1
1313,10.993243603684597,-0.20978346884466526,8.864269062401677,2
1314,-2.076715246380135,-10.879765417690283,-5.383171502421124,4
1315,1.4842755014711777,-5.127167633249235,-1.6288725196369809,3
1316,2.0463979900103886,-6.8565420362737735,-3.7166599320327194,3
1317,8.524436066590885,0.00030523728511910875,9.671310468703128,2
1318,-4.850611683323988,3.5371587681667163,-8.542821569176683,1
1319,1.9639671196192166,-8.121713934086264,-4.905998142257378,3
1320,9.600929159643092,3.361085795641295,-1.8123556043724172,0
1321,8.395632699425791,0.9197954822610301,6.717584773456778,2
1322,-6.392886404939214,-6.154435625540549,-5.346827839383857,4
1323,7.301276058565655,0.8181811008832827,-1.8917901512912212,0
1324,1.2939987520773075,-8.189274528282859,-4.4751854178299855,3
1325,6.327540953585333,1.2735345962494566,-1.7276533150064424,0
1326,10.150415529868217,0.29239386662756583,7.876494947600208,2
1327,3.6880521615805715,-8.09696613207532,-3.6726322641201445,3
1328,-6.221553125093767,5.425349416076696,-9.131906212169996,1
1329,7.10541924799603,2.896461598058529,-2.0990053644966733,0
1330,-1.9094916181727217,-8.61123722882398,-4.7228135664825475,4
1331,3.7240454751907217,-9.914316196104899,-5.5194582837519075,3
1332,-7.161491647477171,5.046309037747218,-7.805299194964293,1
1333,7.307048426709041,3.197883885922349,-2.113264244386372,0
1334,1.6819091558308346,-7.6901914479092115,-3.34830407501898,3
1335,7.185662606431235,2.5759605325518535,-1.6387939632361945,0
1336,10.104184616734578,0.9922142559291021,6.809068179120786,2
1337,8.963063885377242,-2.2041565432737826,9.40511428111274,2
1338,-5.817365245701173,-6.217550783755459,-5.213902806906356,4
1339,5.886976127910259,-1.7576578925916695,7.522837404205754,2
1340,6.746544540157597,-0.19995955334732463,0.2825486145237721,0
1341,6.53857753145019,4.765125725701235,-0.6319114959930048,0
1342,11.32347738571924,-2.195368797454915,9.230451162044782,2
1343,8.807294002401825,-0.9236480316999189,7.62415833922781,2
1344,6.437345443172222,2.4219685863251605,-3.166933420212975,0
1345,3.01071708144218,-6.149457902166279,-4.375052684174744,3
1346,5.435379002469726,3.1092926138065113,-3.1249952044668774,0
1347,3.7543019481731523,2.7350068241783734,-3.2358337601982283,0
1348,-4.952332933656049,-8.419621850035883,-9.443722120216295,4
1349,3.055358011397253,-7.848257655234931,-4.6122189708818455,3
1350,5.752591663502387,1.3128903188475685,-1.691053733495812,0
1351,-8.751164290587134,4.346948060788519,-5.903149130971047,1
1352,0.09620383885604777,-6.537122140867066,-5.9803432451371155,3
1353,-4.553728978476753,-7.649362899345535,-6.095746053490547,4
1354,0.75947921712303,-8.473872340107137,-6.251669227154438,3
1355,8.521236418035778,-0.16941829377341344,10.024945410186689,2
1356,-7.303336189682867,3.4609542033538916,-9.068492704097658,1
1357,4.441799389551707,-7.420983335161054,-7.660645646931846,3
1358,-8.076581063820003,5.565672419352179,-11.242756551760529,1
1359,-3.532700143419184,-6.808550680068284,-4.315393569914948,4
1360,6.962064223509204,-1.0943478276648917,8.171168938112142,2
1361,8.852966853036145,-1.6543310113909615,7.673215770473759,2
1362,5.513758172833297,3.963771619792927,-2.516418642727337,0
1363,-2.5974659839552454,-8.314756221921913,-3.739758237256238,4
1364,-5.522587140265047,4.529207455797204,-8.135941421187544,1
1365,9.605421916190465,3.249435695615209,-2.0204504240088723,0
1366,6.494290211279363,-0.32060902251159423,9.50574533694529,2
1367,-6.235745293788588,-9.666431594748628,-2.9787347637663233,4
1368,0.42889768503559766,-5.95695745861407,-4.098387908385336,3
1369,-6.118427810429362,4.081964115602256,-9.852137452369798,1
1370,0.7051327516491586,-5.916243360993284,-4.953865946178049,3
1371,-7.905330682235191,3.2125375445748223,-9.345501820173215,1
1372,-5.771591421172892,1.4712315753327387,-6.837275185733196,1
1373,-3.1092397958200637,-8.943149560944667,-5.563401804525073,4
1374,3.8227422975900316,-7.883755686773726,-6.13127149522391,3
1375,-6.56797184444816,4.986310039216444,-6.05287553850947,1
1376,7.546458927490418,2.709858886381384,4.960855456866792,2
1377,9.273952266956984,-0.5409886031199597,9.289646965664893,2
1378,0.6973628453865257,-6.571996606133013,-5.696254429229536,3
1379,9.489053591568517,2.9867045297641344,-0.1621070299687859,0
1380,-7.273657181706168,-9.21783488281046,-4.093882866681634,4
1381,0.9471455747678177,-7.823977971003117,-5.70912145800458,3
1382,2.908666773564208,-8.111809304447368,-5.696302905869962,3
1383,3.2517725920818012,-8.60849329783512,-6.7199451528218415,3
1384,8.918275890145354,0.9921250069511001,-3.2605713469879696,0
1385,8.976603215891402,0.5341821495705577,-1.033235849468619,0
1386,-4.467861788420056,-9.353361509100209,-5.742585438993866,4
1387,-9.087748581494482,3.617426824516787,-7.267797136538884,1
1388,-3.2963954679543823,5.300222463017336,-7.473272954798744,1
1389,6.453531731461132,3.2332886634806037,-0.9998537479938974,0
1390,-4.321564699658488,-8.188503723508951,-3.7242645131050693,4
1391,3.9299939996268645,-7.139276603228201,-6.095862835228594,3
1392,3.466464701446881,-8.328236004611181,-5.041675828517571,3
1393,-3.4135152977792833,-7.288587211864942,-4.030230371991778,4
1394,7.705522198195851,0.36897433547728653,11.018805304999766,2
1395,-4.11425887227816,-8.300697319156649,-5.441644485435265,4
1396,9.458307286518817,-0.234801923579185,9.84604108738501,2
1397,11.400346613210928,-0.9952143620410545,8.961582995282512,2
1398,-4.380631155085299,-7.068669010774604,-4.380975967065734,4
1399,6.700200186790605,2.3526129707429853,-2.504630260954703,0
1400,8.716162520399422,1.99432293133505,-0.9910172982173083,0
1401,-0.6226593167352208,-8.396913379663332,-3.6724581631903987,4
1402,-4.214902735693881,4.196789279233917,-9.680445398036928,1
1403,9.170741013305882,-1.599054479538696,8.610137377649018,2
1404,-6.453217667909113,-10.294840805105533,-4.757318281628142,4
1405,-3.767903397654559,-7.23447061170593,-5.4867772646285635,4
1406,10.16568548415225,0.3653687271721877,10.190049365637378,2
1407,8.276592124329119,1.8161981741035285,-3.0942835482452,0
1408,7.271223719919748,0.6844550293045493,10.461307405353187,2
1409,5.163673408455636,3.160946422382672,0.7093615031619596,0
1410,-7.096557323656554,7.339489278797309,-6.908598527027907,1
1411,-5.301785654306384,-9.10012804783968,-4.10523693992815,4
1412,7.141498667144138,0.22634740788554897,-1.9593591476703196,0
1413,3.69498972042365,-9.177969647194752,-4.082237415045654,3
1414,7.412838852618133,-2.8368330398654527,7.166207460756862,2
1415,-3.6187750306696618,-11.224567182314226,-6.939892694750625,4
1416,8.568847096567644,-1.6647218852145091,9.490291518493418,2
1417,3.1189865019209098,-8.676501617449128,-5.848883405692302,3
1418,-3.500109697224824,2.703029553331413,-9.115228396233022,1
1419,-5.171372447949319,3.4457467861510156,-10.433804974949373,1
1420,7.03844618196354,-1.9629334873993947,8.335979663455706,2
1421,7.63133226744465,-0.34757614980382917,7.901696748208987,2
1422,-5.3930536580340185,-8.078290970313088,-5.415879941048832,4
1423,-3.7277122698646084,-11.379132565728412,-6.047621580552911,4
1424,1.999643530927824,-8.045123109776908,-6.928894252540978,3
1425,9.019456697593819,-0.05204160138446812,9.975064809746561,2
1426,6.9834604265760225,2.7848805976780406,-1.703640875470423,0
1427,-6.4452232820299935,7.29673802356304,-11.80744711561471,1
1428,2.316404353032144,-6.0842879253628706,-5.156124528929216,3
1429,7.944142570061593,1.5956565332901902,7.589426893845596,2
1430,7.191890993312642,2.4840131801363055,-1.1299894714503491,0
1431,8.495930521352896,-1.5685544602131158,9.393978994555361,2
1432,-3.885258743180704,-9.018172463873055,-5.996694972273422,4
1433,-3.7205523978768826,-9.199016534012252,-8.083739402687208,4
1434,-3.303024057764049,-6.186272861516391,-4.556149874773817,4
1435,8.322867808224178,1.149190641421638,7.870753153191622,2
1436,-3.616561822584346,1.4635283402824637,-9.238310202507803,1
1437,-7.680545337409521,6.530092344084884,-8.580329164542606,1
1438,3.997139481964009,-7.769927537359395,-5.608167068316497,3
1439,-2.9375224757353857,4.5522283075603545,-8.18999733874621,1
1440,12.199638021498128,-1.217397325342527,7.12912684698478,2
1441,2.2938848354501813,-4.840059893128618,-7.871169899017284,3
1442,7.9999514335769915,-0.08698582993640036,6.881300294951538,2
1443,8.41334610887197,-1.2878941827495756,11.681128422793215,2
1444,7.290921846871797,-2.892665892498875,9.499643218839456,2
1445,3.0003960932643703,-8.59798714156459,-7.944422843353468,3
1446,-5.190034527739337,6.76957756416342,-7.592044718373714,1
1447,-0.8831560616075791,-10.17884586131883,-6.188402976398909,3
1448,10.591505635038267,-1.781183767238281,9.318539647271331,2
1449,2.8976041500271608,-10.156908052953598,-5.725170006653619,3
1450,-5.860115502772395,5.091895570023809,-8.613330155455,1
1451,0.9727872461304661,-6.0707167339191885,-6.115975689348664,3
1452,7.576855482182337,3.1347958548576798,-1.8431220755101405,0
1453,-4.617316683341398,1.65227308961938,-7.5670896997356625,1
1454,-3.591038689760196,2.2601118976645185,-9.761321614305942,1
1455,-2.7306800675284517,-6.309815569356764,-6.938489068553629,4
1456,7.318230629107339,3.099235866522613,-5.584750760539549,0
1457,11.411018471935902,1.049926922210571,9.350401849426277,2
1458,5.460121993680546,-7.263630377422606,-4.769822496236762,3
1459,13.00789161758431,-3.702657994863606,8.035571180431752,2
1460,10.5802978492647,2.416375022265056,-2.4266867858876413,0
1461,-4.778335295941585,4.119626645332881,-10.259494265659953,1
1462,6.16390129761909,0.5405568905604952,-2.231197340648082,0
1463,9.646409024887479,-0.44641980254072783,8.419195124725285,2
1464,10.50553839719773,-0.09516261284153615,10.152285321288167,2
1465,-2.6626293063468385,-9.853239551812708,-6.4130935936019995,4
1466,6.536929067481417,1.7769683595025278,-3.2184418339054597,0
1467,2.8225336512798513,-5.2889194686789285,-4.5901807439800475,3
1468,2.677112772050452,-9.492674168745921,-8.849072329856904,3
1469,1.6645120471079973,-7.515001778808911,-6.175932539896763,3
1470,4.7158393330095905,0.6276019216223401,-5.42480280159435,0
1471,8.376168603890639,2.5361123954565183,-2.5910551858369573,0
1472,1.6204214283314866,-7.780390415368181,-5.481673288061328,3
1473,8.93659648463843,1.1164246685808523,0.41522357343959104,0
1474,1.2786152634550556,-8.73739878608832,-4.06656303123372,3
1475,-5.52106832354964,2.1817136774641837,-8.075253873680278,1
1476,8.06509126147293,-2.7551915371860605,6.330765955435431,2
1477,2.352740666422467,-8.019773096870562,-5.641339597397622,3
1478,-5.747982842073127,3.878525054643052,-7.593936554836386,1
1479,9.92549162165313,-0.8589793523025187,7.718555028706719,2
1480,-7.42064239631814,3.4254753160779914,-8.452763154513653,1
1481,3.550034330190852,-8.939662463958875,-5.779329721704772,3
1482,-3.334143756298139,-9.580004689353096,-6.216305354863998,4
1483,1.7775713546225078,-9.313180623948243,-3.6143190593960073,3
1484,-1.1875310615406098,-8.498624639443447,-4.36722426164127,4
1485,9.270378936396115,-3.192213506917809,7.725407103978903,2
1486,-3.1868265990119875,-7.96801965736128,-7.162408796291009,4
1487,9.23428464201488,-0.49339298650125596,9.50818558599141,2
1488,9.034657429702612,1.9188699302891075,-1.0476843871867547,0
1489,-4.1831647731665385,-8.565210912738628,-5.252553562294964,4
1490,7.962153552453922,0.2560587618209105,-3.2347285237712518,0
1491,-6.711902399181282,2.509310504058093,-11.69946953690576,1
1492,8.444112293195904,3.057687029263013,0.6578642033290465,0
1493,-2.296681620693628,-9.109738350471266,-2.354787034898404,4
1494,-5.831673901553135,4.707021021555844,-6.533537754274499,1
1495,8.0254469910099,2.4014775430219406,-0.89148514308258,0
1496,8.663238927048,0.6383311664053921,9.155555809219539,2
1497,8.30284418319704,3.6824234894113026,-1.937235929737943,0
1498,7.745175124632209,1.5337264763569993,7.137115130633589,2
1499,7.45743291703458,4.738227203447802,-2.2360295812229802,0
